8.787202182261438e-18,-1.4318819783572215e-14,8.023824555325286e-12,-1.7810984616102557e-09,2.285184343327905e-07,images/constant/image_20240915112800213730.png,constant
2.466732144733637e-18,-4.939054402172394e-15,3.328775677237851e-12,-8.572359762365692e-10,1.618702277241387e-07,images/constant/image_20240915112800397076.png,constant
3.7531423825121664e-18,-6.9011785952485355e-15,4.375719463463324e-12,-1.0994494458142636e-09,1.8599917811765482e-07,images/constant/image_20240915112800561701.png,constant
8.760796104611929e-18,-1.3814325706955722e-14,7.511365665609575e-12,-1.6332640319617066e-09,2.1090263418164173e-07,images/constant/image_20240915112800733994.png,constant
3.937953972950061e-18,-6.8523784558294366e-15,4.030102421057889e-12,-9.024813439321122e-10,1.624399077600037e-07,images/constant/image_20240915112800889651.png,constant
5.8680362418720336e-18,-9.221886518314335e-15,5.0762529197675006e-12,-1.176454489707753e-09,1.935572791878677e-07,images/constant/image_20240915112801044351.png,constant
2.60042496743633e-18,-4.665938574834986e-15,2.99919536884596e-12,-7.651699194656554e-10,1.5879746131416036e-07,images/constant/image_20240915112801211430.png,constant
3.894660859407059e-18,-5.464453633738171e-15,3.187065057668933e-12,-8.436512353154639e-10,1.7426513759667687e-07,images/constant/image_20240915112801360216.png,constant
-7.861931254143779e-19,5.772171678103625e-16,6.307101911358e-13,-5.561721940757537e-10,1.948420708713331e-07,images/constant/image_20240915112801523513.png,constant
3.8218628878971315e-18,-6.56915350643015e-15,3.9692540150748846e-12,-9.713616854812024e-10,1.7378498710332115e-07,images/constant/image_20240915112801677633.png,constant
5.14807894136432e-18,-7.546652183207057e-15,3.7571717249239834e-12,-7.683114348201356e-10,1.531930381077427e-07,images/constant/image_20240915112801842409.png,constant
2.254343715675253e-17,-3.54904119719132e-14,1.8403206545820005e-11,-3.4760083789426983e-09,2.963810804815652e-07,images/constant/image_20240915112801994210.png,constant
8.263453975721613e-18,-1.3482913180765956e-14,7.534385776812942e-12,-1.6674023669195255e-09,2.2012556907106945e-07,images/constant/image_20240915112802157141.png,constant
1.7864194181646006e-17,-2.8126955565830756e-14,1.514051286635615e-11,-3.177953374073038e-09,3.01694019909154e-07,images/constant/image_20240915112802309942.png,constant
5.073505182638017e-18,-7.478782872264947e-15,3.5390895181234102e-12,-6.231214206900045e-10,1.4674905125843276e-07,images/constant/image_20240915112802489288.png,constant
1.6966622042730314e-18,-2.827130340466849e-15,1.7763118323049774e-12,-4.912126451731659e-10,1.4721704168731827e-07,images/constant/image_20240915112802711349.png,constant
5.4724577083900395e-18,-9.27195141254526e-15,5.489832279794741e-12,-1.3208299383284918e-09,2.01114952913774e-07,images/constant/image_20240915112802874932.png,constant
5.901263456745565e-18,-9.43044120490664e-15,5.238554582115017e-12,-1.1784829617307354e-09,1.817541035763313e-07,images/constant/image_20240915112803022164.png,constant
4.411664224989616e-18,-7.231577418305884e-15,4.117526108099229e-12,-9.488049955062615e-10,1.6828964607997094e-07,images/constant/image_20240915112803191767.png,constant
7.238256825791181e-18,-1.1538373165784947e-14,6.373797306579073e-12,-1.3938873322255962e-09,1.8971747001926162e-07,images/constant/image_20240915112803338551.png,constant
5.6384854363366175e-18,-9.670438609156382e-15,5.7197285450651155e-12,-1.3122642181486868e-09,1.8618819043706802e-07,images/constant/image_20240915112803509022.png,constant
7.874947556493476e-18,-1.2428395824949656e-14,6.876387471182365e-12,-1.580167791485694e-09,2.6679883551342885e-07,images/constant/image_20240915112803711064.png,constant
7.234096227640645e-18,-1.1967083841909087e-14,6.846612249074009e-12,-1.555111209082022e-09,2.0974652533329423e-07,images/constant/image_20240915112803871536.png,constant
7.20851735831485e-18,-1.1495573629035075e-14,6.200127874599013e-12,-1.2942705448399777e-09,1.8224561550308483e-07,images/constant/image_20240915112804024654.png,constant
7.327669925044789e-18,-1.1441863415691957e-14,6.044644984745066e-12,-1.2300753709793405e-09,1.848595680926559e-07,images/constant/image_20240915112804189386.png,constant
4.071321238297391e-18,-7.371668741627864e-15,4.6205842662937275e-12,-1.1546973993012003e-09,1.8755004075655627e-07,images/constant/image_20240915112804343217.png,constant
2.642087947933978e-17,-3.5594512525276096e-14,1.591283846244744e-11,-2.6757210645303223e-09,2.3056074724495778e-07,images/constant/image_20240915112804506162.png,constant
1.3380622422591793e-18,-2.5142996513810473e-15,1.9018335138158596e-12,-5.930846966266352e-10,1.5392453054872172e-07,images/constant/image_20240915112804675165.png,constant
6.794762886495588e-18,-9.79071790132435e-15,4.705303955053019e-12,-8.982018496549729e-10,1.643060559597479e-07,images/constant/image_20240915112804838313.png,constant
2.7234903809428094e-18,-6.94862222787042e-15,5.1304323606759065e-12,-1.2818506840823615e-09,1.840644086097678e-07,images/constant/image_20240915112804991869.png,constant
8.616568577428548e-18,-1.3682584232566964e-14,7.474921838322437e-12,-1.5978188627141935e-09,2.657400758449103e-07,images/constant/image_20240915112805176318.png,constant
9.300714911756516e-18,-1.4727137491047658e-14,7.842268111025214e-12,-1.6093898869967927e-09,1.9696547114662853e-07,images/constant/image_20240915112805339408.png,constant
2.6268281097994578e-18,-4.83896637547813e-15,3.0506431310511604e-12,-7.566235551784128e-10,1.5366468349151234e-07,images/constant/image_20240915112805492609.png,constant
1.1648262514989738e-17,-1.8175153742115444e-14,9.675451200958097e-12,-2.017076800770472e-09,2.2921512078144644e-07,images/constant/image_20240915112805656854.png,constant
7.117151570346928e-18,-1.0909560184556047e-14,5.720898871150004e-12,-1.2215989607731673e-09,1.9738240899878966e-07,images/constant/image_20240915112805809416.png,constant
8.981007416742685e-18,-1.468455524152823e-14,8.269968282475728e-12,-1.848397566333751e-09,2.277765955888929e-07,images/constant/image_20240915112805972912.png,constant
1.0391644334906367e-17,-1.7323473459337772e-14,1.0012360274754737e-11,-2.3152339714348914e-09,2.652949702333923e-07,images/constant/image_20240915112806125935.png,constant
5.36282173391308e-18,-8.704039311047436e-15,4.76933872511594e-12,-1.0206971499651467e-09,1.7043264221677246e-07,images/constant/image_20240915112806290000.png,constant
4.2317997665709245e-18,-6.722118517451466e-15,3.767181012786712e-12,-9.12177289941089e-10,1.8408481918233766e-07,images/constant/image_20240915112806436130.png,constant
9.878863608123594e-18,-1.562542895645168e-14,8.457315771173847e-12,-1.7917445824334791e-09,2.1405309431496776e-07,images/constant/image_20240915112806606766.png,constant
3.769444575101536e-18,-8.48977052640827e-15,5.951159361259178e-12,-1.4665289907897604e-09,1.994521433569629e-07,images/constant/image_20240915112806756469.png,constant
3.6818520469736555e-18,-6.8091415708247175e-15,4.426855692346528e-12,-1.1539536161777042e-09,1.9326675088306822e-07,images/constant/image_20240915112806932053.png,constant
6.4905370647546765e-18,-1.0612698760626996e-14,6.0718319139416654e-12,-1.4096270732363688e-09,2.036528473219037e-07,images/constant/image_20240915112807092416.png,constant
7.986659286489513e-18,-1.2201283309309782e-14,6.368760416929764e-12,-1.3177287926215485e-09,1.8450034390001175e-07,images/constant/image_20240915112807241326.png,constant
6.8250199861917584e-18,-1.0955579874710013e-14,6.085064965956758e-12,-1.3649375481630909e-09,1.9603737674597865e-07,images/constant/image_20240915112807407279.png,constant
-6.106693024077742e-18,8.108456021214071e-15,-2.9885649528372715e-12,8.467352773711773e-11,1.6718613449084284e-07,images/constant/image_20240915112807556526.png,constant
8.738319574886948e-18,-1.3976993634824977e-14,7.306517976460398e-12,-1.3488156220159736e-09,1.6851225895296117e-07,images/constant/image_20240915112807725973.png,constant
5.451594042233087e-18,-9.599431240029719e-15,5.686583113673729e-12,-1.2568502597620972e-09,1.7736763978985589e-07,images/constant/image_20240915112807886532.png,constant
2.948839341827022e-18,-5.166584878780966e-15,3.448972049933402e-12,-9.886385605703357e-10,1.94639975303592e-07,images/constant/image_20240915112808040642.png,constant
-2.0382117546589535e-17,2.832154604699104e-14,-1.1711183291030582e-11,9.361992075174053e-10,3.032945238086801e-07,images/constant/image_20240915112808274204.png,constant
1.2010530375750701e-17,-1.9319506665454122e-14,1.0279379107632241e-11,-1.990014434328812e-09,2.1081471865536332e-07,images/constant/image_20240915112808435741.png,constant
6.762105430890837e-18,-1.0298210072042727e-14,5.359439348992558e-12,-1.1115030670984512e-09,1.7578536095337438e-07,images/constant/image_20240915112808589351.png,constant
7.447866037964008e-18,-1.1106408206305475e-14,5.67641092468899e-12,-1.156806461866079e-09,1.752492152623554e-07,images/constant/image_20240915112808757108.png,constant
5.966685581698951e-18,-9.61712050000071e-15,5.392138151644141e-12,-1.2158428378027538e-09,1.8518766405395166e-07,images/constant/image_20240915112808906543.png,constant
5.226783431242219e-18,-8.566726214077883e-15,4.891138574506678e-12,-1.1135043110453796e-09,1.8051535792729437e-07,images/constant/image_20240915112809069683.png,constant
7.547288501105854e-18,-1.2206115426499226e-14,6.740408925785929e-12,-1.4715485138268646e-09,2.015772229948019e-07,images/constant/image_20240915112809224564.png,constant
6.89056990252196e-18,-1.1790670898975562e-14,6.7707620993566935e-12,-1.4618782912672022e-09,1.9113579644292202e-07,images/constant/image_20240915112809385720.png,constant
8.155646187977068e-18,-1.3695188810710976e-14,8.023459973818127e-12,-1.8931313481636504e-09,2.4307847576733043e-07,images/constant/image_20240915112809539873.png,constant
7.99299251736228e-18,-1.290002658561476e-14,7.216476467830274e-12,-1.6093256970387649e-09,2.1430692193586645e-07,images/constant/image_20240915112809707958.png,constant
4.8399114667454635e-18,-7.680557766709982e-15,4.1519744766812485e-12,-8.865882267049707e-10,1.5581227243823732e-07,images/constant/image_20240915112809856581.png,constant
4.665991636373707e-18,-7.73679070622975e-15,4.463503745850006e-12,-1.0520817788109738e-09,1.8204519937662861e-07,images/constant/image_20240915112810019955.png,constant
3.534179336000814e-18,-6.160109878464517e-15,3.757218419824169e-12,-9.352101159363425e-10,1.7592905714091866e-07,images/constant/image_20240915112810190121.png,constant
4.459229170520946e-18,-8.675572984708789e-15,5.512583243081954e-12,-1.273923366009419e-09,1.7975680866949185e-07,images/constant/image_20240915112810336800.png,constant
6.5659643583017e-18,-1.0863850317636563e-14,6.2542650319994385e-12,-1.447684928840731e-09,2.0194064903793788e-07,images/constant/image_20240915112810504958.png,constant
7.355278400803667e-18,-1.1759008074256677e-14,6.427586131364325e-12,-1.3809431168645837e-09,1.9040832073108053e-07,images/constant/image_20240915112810652905.png,constant
8.29960700616314e-18,-1.4374797961538964e-14,8.702212194799372e-12,-2.097436255171928e-09,2.5681281513871417e-07,images/constant/image_20240915112810806363.png,constant
1.0018901152853278e-17,-1.5900974625870597e-14,8.559779817509e-12,-1.7913429995174905e-09,2.1464604137774408e-07,images/constant/image_20240915112810970107.png,constant
9.366030040794826e-18,-1.3441394132803981e-14,6.188344195626971e-12,-1.0165675523419964e-09,1.5979184791338255e-07,images/constant/image_20240915112811122900.png,constant
4.979884062416321e-18,-8.773600333277735e-15,5.280667981157207e-12,-1.2361927250845444e-09,1.8813520131082525e-07,images/constant/image_20240915112811286774.png,constant
9.641057582321031e-18,-1.5365215199247107e-14,8.306137374813268e-12,-1.739521107668202e-09,2.1170950976471508e-07,images/constant/image_20240915112811439591.png,constant
-3.81135675848883e-18,3.2990718892483077e-15,7.189489470461431e-14,-4.730232202165478e-10,1.659793163333242e-07,images/constant/image_20240915112811601505.png,constant
-2.9780701718229867e-18,3.4255783824465143e-15,-5.931307760393172e-13,-2.5180633906137636e-10,1.4418961699066107e-07,images/constant/image_20240915112811756129.png,constant
4.917130003583939e-18,-8.39210194364144e-15,4.91111222988098e-12,-1.1211178049261801e-09,1.7765833512625864e-07,images/constant/image_20240915112811919192.png,constant
6.558726272785546e-18,-1.0968572725760525e-14,6.261286222354325e-12,-1.39768705740453e-09,1.9275259408834047e-07,images/constant/image_20240915112812087847.png,constant
8.026523770605771e-18,-1.3150929760284138e-14,7.327342020484289e-12,-1.5721463491815915e-09,1.9849853147388103e-07,images/constant/image_20240915112812238866.png,constant
8.819133327625894e-18,-1.383228842794752e-14,7.485047518421902e-12,-1.6186068635801284e-09,2.1081298064702372e-07,images/constant/image_20240915112812404360.png,constant
6.970020969360214e-18,-1.044266329086327e-14,5.358963166328588e-12,-1.1037503669393606e-09,1.7383950706619855e-07,images/constant/image_20240915112812566963.png,constant
3.740415954655099e-18,-6.632230251941223e-15,4.133575030857435e-12,-1.0518205012196995e-09,1.8314188690365093e-07,images/constant/image_20240915112812722513.png,constant
-9.069298951010581e-18,1.1455253193739928e-14,-3.69317831938786e-12,5.725788849781194e-11,1.946640301722898e-07,images/constant/image_20240915112812922653.png,constant
7.347833410895562e-18,-1.157922223675736e-14,6.135782268917891e-12,-1.2436115514965208e-09,1.7278538507050648e-07,images/constant/image_20240915112813068456.png,constant
6.873169517443316e-18,-1.0545687806425012e-14,5.518057010989296e-12,-1.137423188306376e-09,1.7655413752253394e-07,images/constant/image_20240915112813238825.png,constant
5.5147599235987924e-18,-9.318247835888611e-15,5.403278540710405e-12,-1.219536808261666e-09,1.6613362568897955e-07,images/constant/image_20240915112813369981.png,constant
5.3313116474932634e-18,-8.57232894137576e-15,4.745521324066772e-12,-1.0342974229579978e-09,1.4999919177054198e-07,images/constant/image_20240915112813502614.png,constant
5.564704870400689e-18,-8.603281134996327e-15,4.589485365142193e-12,-9.941203597707864e-10,1.5158365440244608e-07,images/constant/image_20240915112813632017.png,constant
7.176820311815501e-18,-1.1352036348028243e-14,6.071184814421446e-12,-1.2661509247306974e-09,1.6708350689571156e-07,images/constant/image_20240915112813754902.png,constant
7.456882677282703e-18,-1.1948517328028404e-14,6.4611709503744545e-12,-1.3425962940303241e-09,1.658398332202883e-07,images/constant/image_20240915112813987118.png,constant
8.931080022818419e-18,-1.4713651907124446e-14,8.45970429406866e-12,-1.982123420870127e-09,2.370517414227991e-07,images/constant/image_20240915112814118462.png,constant
1.038883102294393e-17,-1.5894176057066114e-14,8.305668466769174e-12,-1.7081982986097483e-09,1.9097222385579557e-07,images/constant/image_20240915112814254527.png,constant
7.314725299813499e-18,-1.1683734951105406e-14,6.414430467473384e-12,-1.3882190467808487e-09,1.8745281387957644e-07,images/constant/image_20240915112814403669.png,constant
8.57206121905829e-18,-1.3208347968641207e-14,6.7544210710703755e-12,-1.3005590573694303e-09,1.78018058355306e-07,images/constant/image_20240915112814568105.png,constant
3.248868153926145e-17,-5.0365072283661124e-14,2.6602680620382383e-11,-5.56306214505785e-09,4.962784146982886e-07,images/constant/image_20240915112814722591.png,constant
5.705135715129175e-18,-8.843029352335587e-15,4.651739402035945e-12,-9.611251430612249e-10,1.6298804984664066e-07,images/constant/image_20240915112814883754.png,constant
9.195764611395704e-18,-1.464284285413438e-14,8.016432579502457e-12,-1.7384485519217685e-09,2.179577542296195e-07,images/constant/image_20240915112815054093.png,constant
4.0889268931121135e-18,-7.460726275603641e-15,4.720586023082676e-12,-1.1892282137135657e-09,1.9109730587222596e-07,images/constant/image_20240915112815205618.png,constant
5.8978982612568784e-18,-9.442698312573508e-15,5.176758658036014e-12,-1.1143729229558273e-09,1.7290184548115218e-07,images/constant/image_20240915112815369439.png,constant
9.906968728413141e-18,-1.49880583774523e-14,7.565935335947719e-12,-1.4495356034044736e-09,1.867065146588161e-07,images/constant/image_20240915112815533910.png,constant
1.2433383184066751e-17,-1.974252261128376e-14,1.0896537959953003e-11,-2.4272138561182943e-09,2.7563031374673314e-07,images/constant/image_20240915112815703023.png,constant
6.510169626680146e-18,-9.487243446615366e-15,4.708848205487379e-12,-9.218377014574979e-10,1.5507358252888168e-07,images/constant/image_20240915112815850774.png,constant
2.7840025995803544e-18,-5.224964180732383e-15,3.3553473871913893e-12,-8.450177211206649e-10,1.6582638670278495e-07,images/constant/image_20240915112816019248.png,constant
8.277538916767933e-18,-1.3830199430506059e-14,7.935787935054653e-12,-1.7943955150671353e-09,2.2325619674642856e-07,images/constant/image_20240915112816167332.png,constant
8.332804242768619e-18,-1.2024967372059071e-14,5.920700813974292e-12,-1.1607196454040664e-09,1.760013673757976e-07,images/constant/image_20240915112816338046.png,constant
4.079431555829094e-18,-6.844089477958291e-15,4.083003880189128e-12,-1.0267536776037869e-09,1.873796316265436e-07,images/constant/image_20240915112816499022.png,constant
7.223120396998464e-18,-1.1505583874192114e-14,6.214163986669616e-12,-1.2894421217206515e-09,1.7999567886781658e-07,images/constant/image_20240915112816652793.png,constant
1.0234470148862146e-17,-1.62207554627299e-14,8.920680155427583e-12,-2.013514582910889e-09,2.53843674651678e-07,images/constant/image_20240915112816821097.png,constant
5.5397593041942294e-18,-8.810404481526473e-15,4.786874126007492e-12,-1.0297268755287464e-09,1.65638917015442e-07,images/constant/image_20240915112816968437.png,constant
6.097594460169863e-18,-1.0325453573880399e-14,5.977058636960082e-12,-1.359096450254806e-09,1.9266398219195114e-07,images/constant/image_20240915112817138481.png,constant
6.804563997644459e-18,-1.1268618900233126e-14,6.3695258540974536e-12,-1.4164822033522695e-09,1.94575480518411e-07,images/constant/image_20240915112817302081.png,constant
7.021530738808618e-18,-1.1178427051341655e-14,6.021628569173566e-12,-1.2532839297805405e-09,1.8384461100042196e-07,images/constant/image_20240915112817464909.png,constant
1.1686309429754568e-17,-1.8300190142409057e-14,9.531375014135021e-12,-1.8611686354106752e-09,2.041852682188305e-07,images/constant/image_20240915112817617954.png,constant
1.871311262795609e-17,-2.8342759037593918e-14,1.455362074275826e-11,-2.973495237501814e-09,3.135968889158044e-07,images/constant/image_20240915112817787758.png,constant
-4.8478688552136496e-18,6.794449155083158e-15,-2.680500115368562e-12,9.14677486073486e-11,1.6386115484808027e-07,images/constant/image_20240915112817935594.png,constant
3.970255514808553e-18,-6.727438526854228e-15,4.039929346899086e-12,-9.788632952195498e-10,1.683135144393095e-07,images/constant/image_20240915112818103048.png,constant
8.667526666241023e-18,-1.3529055386534726e-14,7.163397692184531e-12,-1.486494438208013e-09,1.985154398075017e-07,images/constant/image_20240915112818267501.png,constant
7.236156519905987e-18,-1.1540293420091967e-14,6.295682542475487e-12,-1.3680489690049685e-09,1.9082732282225662e-07,images/constant/image_20240915112818434754.png,constant
8.419936485991246e-18,-1.3458860629489289e-14,7.385168685187167e-12,-1.582278246766175e-09,2.0198204859903674e-07,images/constant/image_20240915112818599669.png,constant
8.774249931957284e-18,-1.3877815392934763e-14,7.690708434766112e-12,-1.7307436859017616e-09,2.2468872794988143e-07,images/constant/image_20240915112818767936.png,constant
1.1528613793421158e-17,-1.7943358977788285e-14,9.276758015939467e-12,-1.8009234708969526e-09,2.0552181486967728e-07,images/constant/image_20240915112818931490.png,constant
4.6261815325803836e-18,-8.391859411090863e-15,5.167752016926973e-12,-1.2618838399472252e-09,2.1927409111344378e-07,images/constant/image_20240915112819099727.png,constant
5.905456267348799e-18,-9.301601644431026e-15,5.240624748482782e-12,-1.2162993904823789e-09,1.8971343923662168e-07,images/constant/image_20240915112819252249.png,constant
4.712314624321561e-18,-5.496803312323147e-15,1.9790623653178295e-12,-3.219732326356671e-10,1.481425427650227e-07,images/constant/image_20240915112819417318.png,constant
8.625722875868718e-18,-1.4261990763074754e-14,8.239738362580654e-12,-1.9452640074015468e-09,2.5518049478585316e-07,images/constant/image_20240915112819610955.png,constant
9.109023763152669e-18,-1.4470421952114215e-14,7.69472457009831e-12,-1.5388180858231896e-09,2.0014521211726755e-07,images/constant/image_20240915112819788278.png,constant
3.367739636457813e-17,-8.667521258835009e-14,5.82498653707258e-11,-1.1111294021700245e-08,6.122655337776251e-07,images/constant/image_20240915112819953646.png,constant
4.497380390095913e-18,-7.688734408135078e-15,4.624301291992478e-12,-1.1525549515974872e-09,2.0236931681437743e-07,images/constant/image_20240915112820122240.png,constant
2.2654920786489092e-18,-5.884084582485122e-15,4.486019608669402e-12,-1.1744055636318057e-09,1.8614940625462996e-07,images/constant/image_20240915112820283523.png,constant
9.598727635873909e-18,-1.419639504683333e-14,6.91113168751901e-12,-1.2522708732551232e-09,1.7466797770622815e-07,images/constant/image_20240915112820452073.png,constant
-2.948120587090153e-19,-1.907072503524963e-15,2.796532486113731e-12,-1.0306297792667115e-09,2.0230538369787256e-07,images/constant/image_20240915112820626055.png,constant
9.137815128061698e-18,-1.4109113962223596e-14,7.36928446213075e-12,-1.508827892939749e-09,2.077302056333288e-07,images/constant/image_20240915112820800647.png,constant
3.4266589170020926e-17,-5.476304329215925e-14,3.0276547502712976e-11,-6.669914343531883e-09,6.521156579096804e-07,images/constant/image_20240915112821016073.png,constant
1.222888007598347e-17,-1.9426575522917416e-14,1.0309508846215232e-11,-2.0592429790790734e-09,2.932103904801871e-07,images/constant/image_20240915112821217799.png,constant
1.4613551668051896e-18,-4.153703104770969e-15,3.68409200201387e-12,-1.1919632439220995e-09,2.1769520932458714e-07,images/constant/image_20240915112821502967.png,constant
-2.8531188855526583e-18,2.7185356951556247e-15,1.371956866494932e-14,-5.407328614917509e-10,2.0811666160041e-07,images/constant/image_20240915112821664986.png,constant
-1.737408687599818e-17,2.0913885580197885e-14,-6.5979233216388995e-12,2.5265316044719376e-10,1.6336547004451377e-07,images/constant/image_20240915112821818289.png,constant
1.3564331205639234e-16,-2.0218544976060282e-13,9.405697933802818e-11,-1.3837457410290248e-08,6.423525589430466e-07,images/constant/image_20240915112822095282.png,constant
1.1402640678826457e-17,-1.7495630655376555e-14,9.102474641719738e-12,-1.8634129495656776e-09,2.7575551292181505e-07,images/constant/image_20240915112822353272.png,constant
1.8867016977176234e-18,-6.601454742977203e-15,5.899498782271813e-12,-1.7465450938061225e-09,3.2611596082386566e-07,images/constant/image_20240915112822615857.png,constant
-7.956242689891011e-18,1.080693292987642e-14,-4.346652113003545e-12,3.1588077453528883e-10,2.28290630608817e-07,images/constant/image_20240915112822904638.png,constant
1.5127379179579586e-17,-2.3210310074714465e-14,1.2017914083552984e-11,-2.3850711085252367e-09,3.223827548999882e-07,images/constant/image_20240915112823165048.png,constant
1.8280034489837586e-17,-2.856689761590211e-14,1.499726674886923e-11,-2.969424080959593e-09,3.312078819273726e-07,images/constant/image_20240915112823419338.png,constant
1.0488103813310026e-19,-2.8685449956807575e-15,3.764056540923631e-12,-1.4095908129837046e-09,3.5694012660063567e-07,images/constant/image_20240915112823768342.png,constant
1.0990107366800673e-17,-1.7746528151390268e-14,9.899554037685764e-12,-2.1802916179916277e-09,3.1856111504931466e-07,images/constant/image_20240915112824090573.png,constant
5.7488183236023084e-18,-1.1984705954037461e-14,8.143305119504386e-12,-1.997345289158433e-09,3.13548406749121e-07,images/constant/image_20240915112824386231.png,constant
-4.1680955433287455e-17,6.19933142748735e-14,-2.936583275942904e-11,4.348060114141151e-09,1.8539307543186894e-07,images/constant/image_20240915112824663236.png,constant
2.565732248021261e-19,-1.736715715612719e-15,2.3075557489788313e-12,-1.1608958881861417e-09,4.0229307595016685e-07,images/constant/image_20240915112824947437.png,constant
1.1793433895862924e-17,-1.8350110280035096e-14,9.55490812569723e-12,-1.8783156744089766e-09,2.1578735144621982e-07,images/constant/image_20240915112825096500.png,constant
3.0510855027440676e-17,-4.8522636035179886e-14,2.6176326166176655e-11,-5.457641619885011e-09,4.6254441441609385e-07,images/constant/image_20240915112825265582.png,constant
8.711095953904362e-18,-1.4618501599001533e-14,8.454684939120827e-12,-1.9404749529861745e-09,2.521541213365043e-07,images/constant/image_20240915112825412343.png,constant
-4.026864560227077e-18,2.2420466016933618e-15,1.1289038146160249e-12,-6.66870356269936e-10,1.6600314425769662e-07,images/constant/image_20240915112825580917.png,constant
2.5505771262264973e-17,-3.194778122093725e-14,1.3303339341627527e-11,-2.1831756880298406e-09,2.39277472658656e-07,images/constant/image_20240915112825733126.png,constant
1.0274246690865423e-17,-1.7599282126997523e-14,1.0196312228429561e-11,-2.2592620578920377e-09,2.562258841781101e-07,images/constant/image_20240915112825898152.png,constant
1.1895231922892507e-17,-1.8833947809319552e-14,1.0060689521207241e-11,-2.06759887071545e-09,2.3875580217781744e-07,images/constant/image_20240915112826067175.png,constant
1.408562889206208e-17,-2.181444022130405e-14,1.1350108474819074e-11,-2.2686032855299492e-09,2.4618876878464515e-07,images/constant/image_20240915112826218513.png,constant
-3.3389478862652907e-18,8.543567767933078e-16,2.4879171661932784e-12,-1.223603449412009e-09,2.309158211814576e-07,images/constant/image_20240915112826384295.png,constant
1.9678368316124805e-17,-2.947112440365495e-14,1.4422459495686111e-11,-2.5420773476127265e-09,2.1792296558985923e-07,images/constant/image_20240915112826583059.png,constant
1.3031794130343152e-17,-2.0276024973497715e-14,1.0670481482023899e-11,-2.1596360348645724e-09,2.881001257159836e-07,images/constant/image_20240915112826776154.png,constant
1.0162284991062737e-17,-1.562032768914733e-14,8.246577316839188e-12,-1.7500703552190922e-09,2.1612680367156058e-07,images/constant/image_20240915112826940252.png,constant
5.187721012305725e-18,-9.655422562849005e-15,5.836577367879365e-12,-1.2768834084731647e-09,1.6403045625487963e-07,images/constant/image_20240915112827086454.png,constant
5.683896918026603e-18,-9.693835119682452e-15,5.83152713279264e-12,-1.4177331756075381e-09,1.9552665649403652e-07,images/constant/image_20240915112827234744.png,constant
6.791154252167779e-18,-1.188024642680711e-14,7.199629272146099e-12,-1.730450455280938e-09,2.1827222078977872e-07,images/constant/image_20240915112827372425.png,constant
4.496955574882336e-18,-9.408093396268385e-15,6.57775799142857e-12,-1.7290858808598546e-09,2.4529529105198895e-07,images/constant/image_20240915112827513006.png,constant
3.832472283968544e-17,-4.591758414232403e-14,1.9059941515861668e-11,-3.152613601789893e-09,4.033412210351968e-07,images/constant/image_20240915112907194639.png,constant
3.738201184422382e-17,-4.457346336453351e-14,1.8559658292332567e-11,-3.090285069255076e-09,3.5795426357116057e-07,images/constant/image_20240915112952201660.png,constant
2.1216193573197555e-17,-2.5627684892994193e-14,1.0911826681943693e-11,-1.941497136135057e-09,2.913806981002533e-07,images/constant/image_20240915113026695466.png,constant
3.94361009304144e-17,-4.5539149745720686e-14,1.8599240204903168e-11,-3.1880982508720176e-09,3.022677279865155e-07,images/constant/image_20240915113056654113.png,constant
4.609355345705935e-17,-5.299510766771483e-14,2.016083984685845e-11,-2.8423421966983464e-09,2.2837512618061338e-07,images/constant/image_20240915113118639629.png,constant
5.720218670322287e-17,-4.3745401764614714e-14,6.597031556837973e-12,2.285353173524939e-10,3.010021875701372e-07,images/constant/image_20240915113140978420.png,constant
-7.811167633025006e-20,-1.4714292631698982e-15,2.2575246704838484e-12,-1.0592691469939784e-09,2.53200995905114e-07,images/constant/image_20240915113203411032.png,constant
5.50109318148171e-17,-6.345371675731052e-14,2.431677857985618e-11,-3.4954025423263916e-09,2.775363774264669e-07,images/constant/image_20240915113225757916.png,constant
-1.878283403044237e-18,4.845098665649983e-15,-7.449104773998772e-12,2.233639280464952e-09,3.1599379702895653e-07,images/constant/image_20240915113248557095.png,constant
7.042606573357788e-17,-7.093594989055085e-14,2.326412449232415e-11,-2.8494843676686988e-09,2.38920060575433e-07,images/constant/image_20240915113309948251.png,constant
2.3834602461169808e-17,-2.6481014013257693e-14,1.0383964891930868e-11,-1.7622733849941484e-09,2.16764293631327e-07,images/constant/image_20240915113330368004.png,constant
5.676253634867476e-17,-5.977421129710366e-14,2.069956359872666e-11,-2.7355360773941277e-09,2.5252021695271685e-07,images/constant/image_20240915113352671220.png,constant
2.539538678240832e-17,-2.751330898379971e-14,1.0179525256229899e-11,-1.5559723302004052e-09,1.9435106767736864e-07,images/constant/image_20240915113413226935.png,constant
1.1034721718137674e-16,-1.194401318487616e-13,4.275919807257139e-11,-6.043498182042728e-09,4.978014549490564e-07,images/constant/image_20240915113433734556.png,constant
-3.9786549830828755e-18,5.369773778125776e-15,-1.8902605595633376e-12,-2.0981170547242442e-11,1.5935288363541072e-07,images/constant/image_20240915113454467653.png,constant
5.004988133075923e-17,-5.117737658794986e-14,1.7230262586408322e-11,-2.254981982702633e-09,2.2732412998831065e-07,images/constant/image_20240915113515400959.png,constant
5.618456117920622e-17,-5.470249047910861e-14,1.71331484605444e-11,-2.1140011740144357e-09,2.434705499754245e-07,images/constant/image_20240915113535805031.png,constant
9.194067282784051e-17,-1.0218032688208621e-13,3.747134357710838e-11,-4.9809179701142825e-09,2.983413108589032e-07,images/constant/image_20240915113556490066.png,constant
-6.180574058036298e-18,8.220827077998333e-15,-2.8856377019781347e-12,-8.765979513539085e-12,1.841008509381174e-07,images/constant/image_20240915113617065659.png,constant
5.8847653718978086e-18,-2.3041883426532532e-14,1.452103345927705e-11,-2.6168780571444156e-09,2.3371030915736753e-07,images/constant/image_20240915113637356184.png,constant
1.7233314844353974e-17,-1.6379708566784378e-14,5.915667396409703e-12,-1.2022436663953866e-09,2.306068387203465e-07,images/constant/image_20240915113657856871.png,constant
8.844117965598567e-17,-1.0256782588753144e-13,3.90034909254038e-11,-5.340296291341974e-09,3.4218341289028684e-07,images/constant/image_20240915113718515087.png,constant
-6.0732510082526914e-18,7.164475460276945e-15,-2.2767459228886074e-12,-4.453460632735086e-11,1.6955206739150857e-07,images/constant/image_20240915113739384533.png,constant
2.945163959965558e-17,-4.0768533014782065e-14,1.79418603414427e-11,-2.7545674494016154e-09,2.3888862797763414e-07,images/constant/image_20240915113801918987.png,constant
1.0725443822545972e-17,-9.779702697499986e-15,3.004018075349825e-12,-5.427710968399781e-10,1.7498331845416863e-07,images/constant/image_20240915113822786593.png,constant
4.1588037894566035e-17,-3.9621447337375195e-14,1.2947863003960415e-11,-1.6755915233372512e-09,1.96265840046949e-07,images/constant/image_20240915113843651520.png,constant
-2.8423190375921724e-17,2.9626631758388593e-14,-8.369401708802463e-12,6.388993670816691e-12,2.799083746239335e-07,images/constant/image_20240915113904791838.png,constant
4.749375432523575e-17,-5.665538911214175e-14,2.2718571300987136e-11,-3.4367846965906837e-09,2.663706520084912e-07,images/constant/image_20240915113925448163.png,constant
1.9873745470706332e-17,-1.5240885035347328e-14,3.2062060795633136e-12,-4.054491082685728e-10,1.9415843807516778e-07,images/constant/image_20240915113946285761.png,constant
9.644785552205766e-17,-8.706455110553042e-14,2.359602396016166e-11,-2.0117034408978037e-09,2.2003743458463274e-07,images/constant/image_20240915114006663316.png,constant
1.8952331285692496e-17,-1.8630362925256707e-14,6.458691911443834e-12,-1.1609597376519206e-09,2.2905738573898313e-07,images/constant/image_20240915114027796356.png,constant
3.0011469240197514e-17,-3.5692382797838626e-14,1.4004328234252069e-11,-2.024534894901479e-09,2.0746732155042352e-07,images/constant/image_20240915114048376468.png,constant
1.3073653824638393e-17,-8.254662449244424e-15,4.051427827192112e-13,1.4875646852989672e-10,1.4964687552701092e-07,images/constant/image_20240915114108961177.png,constant
7.37986039485735e-17,-7.738612640071389e-14,2.6054867324911247e-11,-3.116346845032136e-09,2.5228053047963584e-07,images/constant/image_20240915114129918892.png,constant
1.841518282284555e-17,-1.2620906206780853e-14,1.7764966537863022e-12,-1.1838662098850353e-10,1.744762791419566e-07,images/constant/image_20240915114150720275.png,constant
9.62313003855418e-17,-1.0884898399103906e-13,4.0966829318921185e-11,-5.662026043606276e-09,3.6138370968075956e-07,images/constant/image_20240915114211651879.png,constant
5.643184645121958e-17,-4.594303203677382e-14,9.652663858510117e-12,-5.077837431000745e-10,2.2427068046622463e-07,images/constant/image_20240915114232393042.png,constant
8.014507727923748e-17,-8.440922564331797e-14,2.8310267854605843e-11,-3.265676645840274e-09,2.377827707857827e-07,images/constant/image_20240915114256537747.png,constant
2.34331327203642e-17,-1.846440447074421e-14,3.6816404167497425e-12,-2.2111338632956848e-10,1.6346680412601923e-07,images/constant/image_20240915114316685017.png,constant
6.977260127386421e-17,-7.921929342660314e-14,2.8977079968454292e-11,-3.613286123618388e-09,2.3016551519733727e-07,images/constant/image_20240915114336840139.png,constant
-2.4669693302238398e-17,-2.234950807997338e-15,1.743320749026238e-11,-1.7477744638212317e-10,5.790991996379596e-07,images/linear/image_20240915114337009216.png,linear
3.3066771359044954e-17,-5.548960830897794e-14,2.9489262642727375e-11,-1.012252000324937e-09,5.603387212147126e-07,images/linear/image_20240915114337164711.png,linear
2.812387153499225e-17,-6.201586419987498e-14,3.815948678357887e-11,-2.5295613061161185e-09,6.128638779127196e-07,images/linear/image_20240915114337318700.png,linear
4.648678353766718e-16,-7.13411664056044e-13,3.3212780118647834e-10,-4.01258489512588e-08,1.6397743090616884e-06,images/linear/image_20240915114337485768.png,linear
4.5655438764039457e-17,-7.457797546059704e-14,3.7846077048788645e-11,-1.8433456534176145e-09,5.374107233617714e-07,images/linear/image_20240915114337644925.png,linear
3.3381886177527705e-17,-6.329035634450602e-14,3.4039712029421995e-11,-1.4028679640301697e-09,5.757308465856836e-07,images/linear/image_20240915114337800027.png,linear
2.72735983074994e-17,-6.572323931075114e-14,3.9764559269296037e-11,-2.6713275460505217e-09,6.595616648634297e-07,images/linear/image_20240915114337959085.png,linear
4.8751124144717704e-18,-2.4431850757188567e-14,1.906864233405648e-11,5.491690487858321e-10,4.90102215993326e-07,images/linear/image_20240915114338124435.png,linear
8.570306098815251e-17,-1.2518401513756605e-13,5.790305495458798e-11,-4.8566579582295804e-09,6.473313318970738e-07,images/linear/image_20240915114338280691.png,linear
4.537620103543121e-17,-8.312605979341069e-14,4.62808910253105e-11,-3.7843873186868856e-09,6.553617240873515e-07,images/linear/image_20240915114338440734.png,linear
-8.127164222046855e-19,-1.826219661663179e-14,1.6124769314710995e-11,1.0248642680714924e-09,4.773916074318547e-07,images/linear/image_20240915114338596632.png,linear
1.79794621867165e-17,-4.57230369438098e-14,2.998336687347868e-11,-1.2359372236447255e-09,5.226048835532531e-07,images/linear/image_20240915114338753373.png,linear
-2.2563325969243086e-16,2.450187044428197e-13,-7.533454806102229e-11,1.1781722226979859e-08,2.8973020369381187e-07,images/linear/image_20240915114338912581.png,linear
1.7565668171420648e-17,-3.633081101144905e-14,2.142731582440876e-11,5.633473615442516e-10,4.982164582792689e-07,images/linear/image_20240915114339070748.png,linear
-6.550633495434793e-17,1.2043640363567256e-13,-7.770673242107518e-11,2.1483182050897425e-08,9.99974695339504e-08,images/linear/image_20240915114339226250.png,linear
6.390069660556697e-17,-1.0688744806188795e-13,5.4477187279122295e-11,-4.021423783325852e-09,6.287987582449232e-07,images/linear/image_20240915114339388764.png,linear
3.51752346457732e-17,-6.798381332920654e-14,3.709804138105516e-11,-2.031831226462e-09,5.687338472158683e-07,images/linear/image_20240915114339547978.png,linear
1.3146304364579494e-16,-1.8947394182142889e-13,8.338856307725774e-11,-6.925364389307731e-09,7.147181376624363e-07,images/linear/image_20240915114339708800.png,linear
7.023702155657203e-17,-1.0867314306932746e-13,5.24013014097838e-11,-4.098775909497134e-09,6.165089762850391e-07,images/linear/image_20240915114339868849.png,linear
6.155688707842252e-17,-1.2803286933584423e-13,7.566024573633799e-11,-8.685575343854392e-09,8.366333488162495e-07,images/linear/image_20240915114340025493.png,linear
-1.356574564082852e-16,1.8058184760963055e-13,-8.419408782168162e-11,6.174112064328421e-08,2.269660676646026e-07,images/linear/image_20240915114340196181.png,linear
8.152368356074946e-16,-9.491416040568682e-13,2.5264918548353984e-10,5.963588284301481e-08,-9.573740271543957e-07,images/linear/image_20240915114340368899.png,linear
-4.897401110919897e-16,6.904098446595362e-13,-3.224003376809552e-10,1.0308422440872613e-07,-1.002495523195332e-06,images/linear/image_20240915114340539068.png,linear
-5.0153708894806756e-17,4.6523799472162507e-14,-1.709251794367748e-11,5.10788777833633e-08,5.1222392899185e-07,images/linear/image_20240915114340706475.png,linear
1.2068210528757114e-16,-1.6024445834345393e-13,5.911611642143957e-11,4.162506585043286e-08,7.422586655065043e-07,images/linear/image_20240915114340876910.png,linear
-7.212399841632586e-17,1.1396475949989e-13,-6.206273739520397e-11,5.936685185081674e-08,2.920785889999366e-07,images/linear/image_20240915114341045792.png,linear
-1.8579483978680292e-16,2.4057136852949274e-13,-1.0238299780089914e-10,6.407534205688486e-08,1.0778424332170939e-07,images/linear/image_20240915114341213207.png,linear
-5.218142224203256e-17,5.110438344842411e-14,-2.0947306041495268e-11,5.163212983312064e-08,5.545503154598136e-07,images/linear/image_20240915114341389287.png,linear
7.63492586943755e-17,-9.088251983617974e-14,2.1528636576931374e-11,4.907952774775482e-08,4.898795392139796e-07,images/linear/image_20240915114341561351.png,linear
-1.0520560781824608e-16,5.144750483219786e-14,1.3653368620548949e-11,4.392756381162874e-08,9.752131412069733e-07,images/linear/image_20240915114341732066.png,linear
2.0992782057832915e-16,-3.333223401145352e-13,1.5266539542734424e-10,2.7631952490155093e-08,1.281255853147522e-06,images/linear/image_20240915114341903887.png,linear
-1.8428070864695195e-17,5.516774279900977e-15,-1.934246218322844e-12,5.155180889811483e-08,5.491513640496e-07,images/linear/image_20240915114342078451.png,linear
-1.811523372192215e-17,2.0367891911744246e-14,-1.1760312670804913e-11,5.141007268931567e-08,4.437792529504442e-07,images/linear/image_20240915114342259544.png,linear
3.9027527030336645e-17,-8.195198034144473e-14,3.741194628614393e-11,4.538451865941046e-08,7.001987872267842e-07,images/linear/image_20240915114342433588.png,linear
1.6633617559020616e-16,-1.9355178298662557e-13,4.552441701874873e-11,5.23056044563388e-08,3.1720338636091736e-07,images/linear/image_20240915114342604812.png,linear
-6.115342235617223e-17,8.150225003496383e-14,-4.405564460536478e-11,5.864136706512369e-08,2.944219602084184e-07,images/linear/image_20240915114342779267.png,linear
-2.2556465827471496e-16,2.7450856896360424e-13,-1.1217184811144116e-10,6.555324694183417e-08,1.401361974192329e-07,images/linear/image_20240915114342936794.png,linear
1.0666197744327409e-16,-1.1035831372001432e-13,1.4831080045035695e-11,5.565864752022127e-08,3.1496221746107297e-07,images/linear/image_20240915114343121601.png,linear
5.967400337422913e-17,-9.827459017045511e-14,3.915187423874824e-11,4.523829770546913e-08,6.103565755958697e-07,images/linear/image_20240915114343290427.png,linear
8.857067620885168e-16,-1.048347836581417e-12,3.7985875486755293e-10,3.6389593380323722e-09,1.8375236275813586e-06,images/linear/image_20240915114343465028.png,linear
-4.981810303563877e-16,7.82838270141971e-13,-3.7613708894916047e-10,9.06420713163479e-08,-1.3029819838865155e-06,images/linear/image_20240915114343632561.png,linear
1.4985328017514426e-16,-2.1345750682278035e-13,8.438111954732075e-11,2.2156660237848786e-08,8.578994088622037e-07,images/linear/image_20240915114343796175.png,linear
-1.9185960313826856e-16,2.7625202740251617e-13,-1.3138482899000081e-10,5.342919980006948e-08,-1.7294553935669194e-07,images/linear/image_20240915114343962367.png,linear
-1.2956708466657816e-16,1.8226600760852463e-13,-9.379376623371066e-11,4.870254333516898e-08,2.983663959073213e-08,images/linear/image_20240915114344127894.png,linear
1.3819521569424737e-16,-1.375497409773347e-13,2.6880005261552172e-11,3.279142644387678e-08,4.4837007918007773e-07,images/linear/image_20240915114344291778.png,linear
-9.415058497464864e-17,1.2989547237314677e-13,-6.904564726263817e-11,4.4353225028816e-08,1.975186425519731e-07,images/linear/image_20240915114344457306.png,linear
7.82474867394299e-17,-9.201182999047706e-14,2.3585284936223833e-11,3.1280822989101916e-08,5.135236991725674e-07,images/linear/image_20240915114344623336.png,linear
-1.0044369947937431e-16,1.4558996897196617e-13,-7.613846011766137e-11,4.517620761152005e-08,5.3993173401215596e-08,images/linear/image_20240915114344800114.png,linear
7.676275916524377e-17,-6.828520957743215e-14,-1.094585593494285e-11,4.365959924710784e-08,3.733286011194482e-08,images/linear/image_20240915114344968311.png,linear
-5.0738040643331625e-17,8.056003897915432e-14,-5.036847454560771e-11,3.9921063705787835e-08,1.0486200610854684e-06,images/linear/image_20240915114345132646.png,linear
-2.768647518563512e-16,4.251301235864701e-13,-2.231238076228836e-10,7.102463619014094e-08,-4.348781503373969e-07,images/linear/image_20240915114345298810.png,linear
-2.429672202210097e-16,4.1722713869189314e-13,-2.453316582037545e-10,8.0659708671571e-08,-8.24727866040268e-07,images/linear/image_20240915114345467401.png,linear
-5.107795643988143e-18,-1.617014409480648e-15,-3.076353095639681e-13,2.9409878066430654e-08,1.1308106056026265e-06,images/linear/image_20240915114345632203.png,linear
3.5296911273970374e-17,-6.971757233897478e-14,2.849618858917111e-11,2.974195243171702e-08,6.32843127163113e-07,images/linear/image_20240915114345797805.png,linear
-1.0629671145018095e-16,1.2662362030216422e-13,-5.3818194404944795e-11,3.979038812153624e-08,3.8375080308209627e-07,images/linear/image_20240915114345965358.png,linear
1.0711176337228947e-16,-1.4365378373812812e-13,4.557516154858162e-11,2.9719068016816295e-08,4.695580830267637e-07,images/linear/image_20240915114346129691.png,linear
-1.5290310571968142e-17,-1.1634246964051018e-14,1.1243153448588529e-11,3.0210653542401786e-08,5.813112770217672e-07,images/linear/image_20240915114346304738.png,linear
-3.219967355712958e-17,7.064214471011404e-14,-5.651546636645606e-11,4.473548496016815e-08,7.415603398039723e-08,images/linear/image_20240915114346471073.png,linear
2.9951402906734397e-16,-4.716839847814429e-13,2.1873903358928832e-10,1.4703474925761773e-09,1.4615666728751101e-06,images/linear/image_20240915114346645554.png,linear
-2.7528202714509373e-16,3.830003783338164e-13,-1.7391872217126938e-10,5.768517553719131e-08,-1.4607635095782114e-07,images/linear/image_20240915114346818743.png,linear
-5.523347707857952e-17,5.818779604567484e-14,-9.685583400925878e-12,2.4155140069818813e-08,3.433488185379875e-07,images/linear/image_20240915114346987002.png,linear
-5.5092583130373926e-17,2.8782180360033975e-14,1.5962937010293566e-11,1.854877176656879e-08,5.525220558433785e-07,images/linear/image_20240915114347150060.png,linear
-1.6092627712655055e-16,1.865351639874616e-13,-5.6887864102402683e-11,2.8992008237023772e-08,2.495322529768442e-07,images/linear/image_20240915114347314409.png,linear
-1.842890003498674e-16,1.7416579190886524e-13,-2.2400378120898725e-11,1.9029019816780862e-08,5.071652625513602e-07,images/linear/image_20240915114347652083.png,linear
-1.0497872085491611e-16,1.2973609495971815e-13,-4.107519930853394e-11,2.7860918035562557e-08,2.2363427455726463e-07,images/linear/image_20240915114347819634.png,linear
-1.3017205461926526e-16,1.453051514680637e-13,-3.714055331734648e-11,2.5002075871978483e-08,3.206049576170163e-07,images/linear/image_20240915114347984104.png,linear
-1.4523635702138057e-16,1.7120434796651432e-13,-4.984148322961746e-11,2.6631094161022557e-08,4.2545880734208274e-07,images/linear/image_20240915114348136257.png,linear
-1.9773183849936375e-16,3.237343608170252e-13,-1.7531980603656115e-10,5.986921475859702e-08,-7.742059196597476e-07,images/linear/image_20240915114348312895.png,linear
-4.4186135863319164e-16,5.630708953095099e-13,-2.1006029818948544e-10,4.934589304086736e-08,-2.2992729813869912e-07,images/linear/image_20240915114348474596.png,linear
-2.0938113765766051e-16,1.7824674402209598e-13,-1.0510417514154858e-11,1.555153052398336e-08,6.94488935467358e-07,images/linear/image_20240915114348646388.png,linear
1.248964104377182e-16,-2.681404573677771e-13,1.7142019829372854e-10,-7.254075385159572e-09,1.304340771206153e-06,images/linear/image_20240915114348811883.png,linear
-2.605246781073929e-16,2.571920226246596e-13,-5.166264563574715e-11,2.4094269065048948e-08,5.645272726639863e-07,images/linear/image_20240915114348979311.png,linear
1.5573986478425038e-16,-2.6616397985429147e-13,1.4830881485280478e-10,-6.086921280012474e-10,1.0327766187169702e-06,images/linear/image_20240915114349147816.png,linear
-2.6343373642361042e-17,1.3981901459301667e-15,2.67682187466635e-11,1.6268756571279062e-08,6.298479983860471e-07,images/linear/image_20240915114349315851.png,linear
-1.3194169140244337e-17,4.975097871423538e-14,-3.8980089619089374e-11,3.6132584655662744e-08,-1.1732320073676041e-07,images/linear/image_20240915114349479265.png,linear
-3.1118063860306385e-16,3.571801313553743e-13,-1.0706453502026734e-10,3.2243692211694466e-08,2.646458498777458e-07,images/linear/image_20240915114349646118.png,linear
-2.456397038789413e-16,2.0791814838061362e-13,-1.5081372407157276e-11,1.6085321853300043e-08,7.68746385056096e-07,images/linear/image_20240915114349809848.png,linear
-1.6733406254555147e-17,2.3280115751892928e-14,2.4449108586989213e-12,2.173691058471766e-08,4.223166837892819e-07,images/linear/image_20240915114349971117.png,linear
-1.6473449843403855e-16,1.8095807148778397e-13,-4.495580446869082e-11,2.4949309070959063e-08,3.430912620721381e-07,images/linear/image_20240915114350138618.png,linear
-1.6789121210689548e-16,1.8853393058394225e-13,-5.247031691575437e-11,2.878793560592672e-08,2.3878264411755365e-07,images/linear/image_20240915114350301294.png,linear
-5.769101136377646e-17,7.512250879036099e-14,-3.070165111043297e-11,2.510094152596929e-08,3.470821036513241e-07,images/linear/image_20240915114350463482.png,linear
2.48260542348315e-17,-3.6923388207786263e-14,1.2150976036090625e-11,2.0136532236317845e-08,5.49191886356718e-07,images/linear/image_20240915114350631069.png,linear
-7.127923410482945e-17,1.0369340538543779e-13,-4.595865224547138e-11,2.743077890491407e-08,2.559599556453187e-07,images/linear/image_20240915114350799930.png,linear
-2.3699960290015317e-16,2.936329454592458e-13,-1.1464400762643397e-10,3.805864218685298e-08,1.8354018668942426e-07,images/linear/image_20240915114350963961.png,linear
-6.956969660166001e-17,5.034339280812682e-14,-3.906589668673226e-13,1.7854807847385023e-08,6.157773364393437e-07,images/linear/image_20240915114351129051.png,linear
1.7487069604757873e-16,-2.7370134592307496e-13,1.3065081687856268e-10,1.6088144183956135e-09,9.600017083093023e-07,images/linear/image_20240915114351292343.png,linear
3.177792386222491e-17,-3.8512952830905415e-14,1.3585421763611732e-11,1.8487462890053602e-08,5.354363425610333e-07,images/linear/image_20240915114351453899.png,linear
-4.797422244467637e-18,3.1566840743801907e-15,-3.090886684019999e-12,2.2607268948609742e-08,3.712623398133249e-07,images/linear/image_20240915114351619801.png,linear
-4.202704864555624e-17,4.477533427342234e-14,-1.3788875490940277e-11,2.1625193203669435e-08,3.8803861675563844e-07,images/linear/image_20240915114351781503.png,linear
-2.373540164581536e-16,3.8332926832119417e-13,-2.0640169821214698e-10,5.934348462500077e-08,-6.247907201675742e-07,images/linear/image_20240915114351945312.png,linear
-3.2511285237797495e-16,4.97750700682135e-13,-2.5233746974560337e-10,6.565368394441148e-08,-6.636839967289384e-07,images/linear/image_20240915114352113334.png,linear
6.810212918853775e-17,-1.2649010265157817e-13,6.389825364066845e-11,1.2362592986738476e-08,7.729794957363551e-07,images/linear/image_20240915114352274795.png,linear
6.843038557715889e-18,-1.8573879377396988e-14,6.859569108823417e-12,2.1172585604405674e-08,4.2681288521907817e-07,images/linear/image_20240915114352437756.png,linear
-1.7923953783696562e-16,2.0315691328963677e-13,-7.069656469766547e-11,2.963357107510112e-08,2.416193071052953e-07,images/linear/image_20240915114352604081.png,linear
-6.172820563406567e-17,7.921352268701333e-14,-3.329472640994141e-11,2.596536238487935e-08,2.8444874293084566e-07,images/linear/image_20240915114352766274.png,linear
-6.998292636151758e-17,7.744048897002935e-14,-2.524183432013358e-11,2.3898283892329468e-08,3.745426772172494e-07,images/linear/image_20240915114352929326.png,linear
-1.1040920130493587e-17,-3.656657556109137e-16,9.15422069258034e-12,1.7604027348275234e-08,5.697789754962327e-07,images/linear/image_20240915114353095276.png,linear
2.7986237862202274e-16,-4.2388895945249904e-13,1.978868227859618e-10,-7.7961287674014e-09,1.4840961307466818e-06,images/linear/image_20240915114353267490.png,linear
-1.6779018231640004e-17,7.902979336850223e-15,3.4230475989331194e-12,1.9950986116378502e-08,5.020549151053151e-07,images/linear/image_20240915114353446147.png,linear
2.0673941768219392e-16,-2.225921882489616e-13,5.906627943665834e-11,2.0593469903238915e-08,3.2665661360747147e-07,images/linear/image_20240915114353623220.png,linear
-1.9563889076790907e-16,2.859228668280569e-13,-1.4519307320592535e-10,7.795504084623357e-08,1.022524573133188e-07,images/linear/image_20240915114353810832.png,linear
2.2075341721039949e-16,-2.7927314512362795e-13,9.365318406189079e-11,4.407736067242172e-08,7.526571355224614e-07,images/linear/image_20240915114353982670.png,linear
5.4024567558536423e-17,-6.664203855239772e-14,1.4769817413807912e-11,5.147037893865412e-08,6.606171007572538e-07,images/linear/image_20240915114354154775.png,linear
-4.187310196000908e-16,5.68114092523314e-13,-2.4757159763621466e-10,8.788835627071765e-08,-3.267646027598986e-07,images/linear/image_20240915114354325777.png,linear
2.4033276089429483e-16,-3.4217409333180233e-13,1.4068886588373233e-10,3.401909760717049e-08,1.5165822792056975e-06,images/linear/image_20240915114354494995.png,linear
1.0797426892125276e-16,-1.1182113663403324e-13,1.0738317377284975e-11,5.902999462708529e-08,4.23314621272974e-07,images/linear/image_20240915114354668793.png,linear
6.190790129073393e-16,-7.636402979962655e-13,2.90319151100761e-10,1.42046077249787e-08,1.7944870174630038e-06,images/linear/image_20240915114354838555.png,linear
-2.900956132817615e-16,3.8558684683167674e-13,-1.6400442876979713e-10,7.358715494357005e-08,3.422876452134157e-08,images/linear/image_20240915114355008846.png,linear
1.388559320893193e-15,-1.7152056503624507e-12,5.648958395574773e-10,2.3311348532731027e-08,2.5774574995860823e-07,images/linear/image_20240915114355191521.png,linear
2.1968144800859503e-16,-3.273402352971078e-13,1.4495970574046795e-10,3.064485898005365e-08,1.413706925703961e-06,images/linear/image_20240915114355363508.png,linear
-2.323974320433154e-16,3.336348444650662e-13,-1.5593763430439065e-10,7.432045962232759e-08,5.04478519950696e-08,images/linear/image_20240915114355541044.png,linear
5.935693271028699e-17,-8.938135101896166e-14,2.8881379186770512e-11,5.0222157528287625e-08,9.22475512200775e-07,images/linear/image_20240915114355715395.png,linear
-1.3793257624122483e-17,1.687897708483054e-14,-1.5382635163467176e-11,5.509544490931774e-08,5.177468080485867e-07,images/linear/image_20240915114355888311.png,linear
-1.7716187009684955e-16,1.757556412180943e-13,-4.9476391943491536e-11,5.438966475080989e-08,8.950116251142139e-07,images/linear/image_20240915114356059738.png,linear
8.734669809313448e-16,-1.1514034346688929e-12,4.343191439681082e-10,1.0354014831146347e-08,1.281687430762603e-06,images/linear/image_20240915114356234157.png,linear
-4.4504872734643206e-17,6.911566112041751e-14,-4.1914507115723955e-11,5.969969831678425e-08,4.188207843025347e-07,images/linear/image_20240915114356401932.png,linear
-5.925787542873753e-17,1.0707171414089904e-13,-6.550469618682367e-11,6.322907951522154e-08,2.9111880431871397e-07,images/linear/image_20240915114356572550.png,linear
-9.13629775820297e-17,1.138770949633125e-13,-5.032475407199645e-11,5.81888875256575e-08,6.373716950225956e-07,images/linear/image_20240915114356749097.png,linear
-9.027347317062867e-16,1.2492625788853028e-12,-5.361073135934733e-10,1.2762503246794517e-07,-1.6033584494049429e-06,images/linear/image_20240915114356922922.png,linear
5.797226785828235e-16,-7.509732335769642e-13,3.0592771416133027e-10,1.1412599145148536e-08,1.8130022572400693e-06,images/linear/image_20240915114357095490.png,linear
2.0060509293969802e-16,-2.646415369272844e-13,1.2743145240002894e-10,3.670410808327596e-08,1.3495822556215965e-06,images/linear/image_20240915114357272209.png,linear
-1.256037238508099e-16,1.1181906949924959e-13,-3.822904334566118e-12,5.207070904270667e-08,9.055119146291435e-07,images/linear/image_20240915114357444404.png,linear
-2.42368249195511e-16,3.8086576389225594e-13,-1.7651012579506544e-10,8.263976014457348e-08,2.5791856172835587e-06,images/linear/image_20240915114357621549.png,linear
2.857499516719252e-17,-9.07648015689315e-14,8.114450485122306e-11,3.9808972849418675e-08,1.2766718009804012e-06,images/linear/image_20240915114357798634.png,linear
-2.792337083294348e-17,-2.0797701586625164e-14,5.66102928056438e-11,4.3255090839259535e-08,1.0663036931267905e-06,images/linear/image_20240915114357961194.png,linear
1.0375741301558187e-17,-7.293374401303547e-14,7.090746337540886e-11,4.317474399454172e-08,1.1449207804370983e-06,images/linear/image_20240915114358147300.png,linear
8.68592710473229e-17,-1.6641934287033718e-14,-4.192076008292563e-12,6.009463424729284e-08,6.212088420100945e-07,images/linear/image_20240915114358324054.png,linear
1.123281962464235e-16,-2.1138525907358817e-13,1.3582403200924905e-10,3.1938136380661306e-08,1.5247895354400534e-06,images/linear/image_20240915114358486248.png,linear
-1.8801760948061347e-16,2.2511130100014487e-13,-6.350594155776303e-11,5.876498401893198e-08,1.6454759919359223e-06,images/linear/image_20240915114358668447.png,linear
-2.9042730035560094e-17,-1.9490868529997217e-14,5.2578523177475066e-11,4.360131057331952e-08,1.055357996806957e-06,images/linear/image_20240915114358844918.png,linear
5.1829489867445904e-17,3.803367416770693e-15,-4.147219782757625e-11,7.530315698248505e-08,4.328343619777681e-08,images/linear/image_20240915114359011869.png,linear
-2.4256456253623535e-16,2.649487961143571e-13,-7.182852660585091e-11,6.53910630490043e-08,4.7426221251573834e-07,images/linear/image_20240915114359191401.png,linear
2.2556679915340495e-16,-3.3988196983069813e-13,1.721576071186231e-10,3.1402640471647074e-08,1.4430147512200795e-06,images/linear/image_20240915114359368190.png,linear
-2.7621614401018908e-17,1.2724411805518157e-14,2.7349973942120146e-11,4.9415600323218093e-08,8.904368172333567e-07,images/linear/image_20240915114359536665.png,linear
1.6598846467035812e-16,-2.801117801871891e-13,1.558581540897112e-10,3.2101298723153386e-08,1.2896689111508914e-06,images/linear/image_20240915114359719882.png,linear
6.844308814024287e-17,-1.333411520777131e-13,8.898718471705243e-11,4.0478555095859184e-08,1.1575463706051104e-06,images/linear/image_20240915114359898960.png,linear
-3.9323443456189867e-16,5.592772099411188e-13,-2.2431009472194268e-10,8.728928282074868e-08,-3.516159883820352e-07,images/linear/image_20240915114400075910.png,linear
7.741665643628328e-17,-1.0247599096241974e-13,4.6645339261805933e-11,5.439171969402564e-08,5.359543008661535e-07,images/linear/image_20240915114400249342.png,linear
-6.79460877933143e-17,7.117810878795675e-14,-8.034246928116006e-13,5.995634728381006e-08,7.853562182843301e-07,images/linear/image_20240915114400441166.png,linear
2.55477070684396e-16,-3.7610097429513396e-13,1.8414801072134793e-10,2.989860744771087e-08,1.39640210785597e-06,images/linear/image_20240915114400614548.png,linear
1.0811950210017853e-16,-1.0326895046192153e-13,1.8910914208052245e-11,5.171850349035014e-08,6.176112712105056e-07,images/linear/image_20240915114400785323.png,linear
-1.574615576387463e-16,2.2386613277611493e-13,-1.1329157200710244e-10,7.331729501979734e-08,-1.2945354934650934e-07,images/linear/image_20240915114400964146.png,linear
1.8297156024959323e-16,-2.0854568109084978e-13,6.357919989785426e-11,4.609936518785986e-08,7.607887736581328e-07,images/linear/image_20240915114401134665.png,linear
-6.948122859809175e-16,9.099222101733515e-13,-3.711465590581981e-10,1.0320806005151625e-07,-7.497412152637239e-07,images/linear/image_20240915114401306217.png,linear
4.1795462651830135e-17,1.1845700373193334e-13,-1.903423755082132e-10,1.1451946196739567e-07,-1.8546494046529488e-06,images/linear/image_20240915114401482724.png,linear
2.0093789974688323e-16,-1.3819945725702075e-13,-7.79772118425605e-12,6.280703860012828e-08,1.7739539618853777e-07,images/linear/image_20240915114401652938.png,linear
-1.3167368736132905e-16,1.6018982136380864e-13,-6.641120936267035e-11,6.161608113798538e-08,3.7728762498687943e-07,images/linear/image_20240915114401825583.png,linear
9.894713510644579e-17,-1.0330097909626888e-13,7.48740373232715e-12,6.0314336734504e-08,5.093941010615794e-07,images/linear/image_20240915114402001359.png,linear
-4.1253743153342474e-17,5.362940764817523e-14,-2.7185389420623987e-11,5.596539797408201e-08,8.109380418182119e-07,images/linear/image_20240915114402375318.png,linear
1.8403365157394648e-16,-2.084430218008087e-13,6.331760471470877e-11,4.790762616722945e-08,7.68564782133233e-07,images/linear/image_20240915114402550437.png,linear
-1.8996415810917801e-16,2.7171862825500765e-13,-1.3116899849537813e-10,7.399816362817448e-08,1.1494178705194142e-07,images/linear/image_20240915114402722464.png,linear
1.4359095411146207e-16,-1.9009118225961996e-13,6.589508190186885e-11,4.5641326500893896e-08,9.114210147988799e-07,images/linear/image_20240915114402892943.png,linear
-2.430538106967353e-16,4.1006321522335647e-13,-2.404814349411201e-10,1.005725978690756e-07,-6.899008298587846e-07,images/linear/image_20240915114403063841.png,linear
2.5043293185580627e-17,1.3093859362229162e-14,-3.321915668529897e-11,6.075063787973746e-08,3.5531080868262464e-07,images/linear/image_20240915114403248175.png,linear
-4.743713262045501e-16,5.809069037458083e-13,-2.2753537215239344e-10,8.368457968820635e-08,-1.210779121040209e-07,images/linear/image_20240915114403423453.png,linear
6.932315907674346e-17,-6.072380926410559e-14,-1.2660538045353324e-11,6.384186645483159e-08,2.2394003262258988e-07,images/linear/image_20240915114403609886.png,linear
-2.1663590919026848e-16,3.516742851498063e-13,-1.950916909680172e-10,8.850266149313117e-08,-1.1306209068041543e-07,images/linear/image_20240915114403781435.png,linear
8.0674789781926e-17,-7.382483291612431e-14,9.491119538066305e-12,5.202889326645167e-08,7.886425336159816e-07,images/linear/image_20240915114403951120.png,linear
5.984507527581246e-17,-4.034286354777793e-14,-2.0241603987393113e-11,6.292577933433919e-08,3.740393691597932e-07,images/linear/image_20240915114404145152.png,linear
-1.354254548788301e-15,1.5905998871821979e-12,-5.630790835455504e-10,1.293189790800623e-07,-1.277746633034112e-06,images/linear/image_20240915114404311639.png,linear
-6.001633519691693e-17,7.794026681568078e-14,-2.1814734994094396e-11,6.010751768942253e-08,7.042759507396164e-07,images/linear/image_20240915114404502613.png,linear
3.2338792780172203e-16,-5.75195921314449e-13,3.2538317282498834e-10,2.6916934350837263e-09,2.4293264268898578e-06,images/linear/image_20240915114404683066.png,linear
-2.7730131425282615e-16,3.464688000776925e-13,-1.2148425332017892e-10,7.252336262998998e-08,2.856161750551357e-07,images/linear/image_20240915114404855572.png,linear
3.1207798097465584e-16,-4.712736061542687e-13,2.337330886663508e-10,2.1852067523827122e-08,1.7111856252490284e-06,images/linear/image_20240915114405028756.png,linear
3.331376466592358e-17,-3.3694221666185256e-14,2.4885418083104156e-11,5.247209776869372e-08,7.490281312218582e-07,images/linear/image_20240915114405202103.png,linear
-9.608187348074554e-17,5.516475834575499e-14,2.6499074340368186e-11,4.792748853861531e-08,9.836397060297807e-07,images/linear/image_20240915114405374467.png,linear
-2.866878105720158e-16,3.980740226824931e-13,-1.6314730684437504e-10,7.986676008715084e-08,3.630734946029191e-07,images/linear/image_20240915114405548336.png,linear
-1.929254285727007e-16,2.37506316624896e-13,-7.385354765742349e-11,6.398242159832576e-08,5.041217359208235e-07,images/linear/image_20240915114405711369.png,linear
6.01501702127993e-17,-1.1091455711818483e-13,7.748699962175313e-11,4.130067012673401e-08,1.3778016384865967e-06,images/linear/image_20240915114405897038.png,linear
-2.2241247227440185e-16,2.6102977709533464e-13,-7.420006737754068e-11,6.221292494111297e-08,5.978520752273159e-07,images/linear/image_20240915114406070648.png,linear
3.7393085630166426e-16,-5.628480158758046e-13,2.7161743086159636e-10,1.7861068749179792e-08,1.925045767540077e-06,images/linear/image_20240915114406247473.png,linear
-5.746637564009491e-17,2.5332919613229998e-14,3.048537448800706e-11,4.733700515432842e-08,1.032029078667403e-06,images/linear/image_20240915114406420781.png,linear
3.1058606227056844e-16,-4.549704514723103e-13,2.1975383139294133e-10,2.560505911591261e-08,1.6506275444124914e-06,images/linear/image_20240915114406595149.png,linear
1.025047800400785e-17,-6.974868557524932e-15,1.9233499352185243e-11,5.2226886307852925e-08,7.571004798186587e-07,images/linear/image_20240915114406767999.png,linear
7.079577311140331e-18,-5.697666407684667e-14,5.84342321011657e-11,4.473565803896507e-08,1.0988358928999483e-06,images/linear/image_20240915114406942299.png,linear
1.0507987024405101e-15,-1.3190407961673881e-12,5.488067907629035e-10,-2.415068401837769e-08,3.984548185695058e-06,images/linear/image_20240915114407115355.png,linear
-1.9685599751908012e-16,2.2315766592281266e-13,-6.041469970774941e-11,6.162455730782419e-08,5.76228761334666e-07,images/linear/image_20240915114407291492.png,linear
-3.2862915438117913e-16,3.93623244731194e-13,-1.2437259603340192e-10,6.890686284599333e-08,4.411483115026502e-07,images/linear/image_20240915114407469061.png,linear
-1.6370108370565646e-18,-3.767821476636289e-14,5.49948155940223e-11,4.438097345598068e-08,1.1027599945881164e-06,images/linear/image_20240915114407642841.png,linear
9.139251140454132e-17,-1.6679634691536831e-13,1.178016126471175e-10,3.0356901819390626e-08,2.3469802521028544e-06,images/linear/image_20240915114407827811.png,linear
2.0188940138114645e-16,-2.0977974563514739e-13,7.637786659609462e-11,2.2086702745277693e-09,8.987980788282722e-07,images/linear/image_20240915114427704564.png,linear
3.672536257270742e-16,-3.6578946547496223e-13,1.24446127053728e-10,-4.777850025831591e-09,1.2612721406591113e-06,images/linear/image_20240915114448058318.png,linear
1.5734345538862875e-16,-2.424061099045506e-13,1.296137462710755e-10,-1.725868033929088e-08,2.643712357135328e-06,images/linear/image_20240915114508998507.png,linear
2.7602036672385194e-17,-7.872955293561969e-14,4.8295346520805934e-11,1.780014712468636e-09,1.1449940226357382e-06,images/linear/image_20240915114530019620.png,linear
-4.6349892925462785e-17,-1.6137780241942836e-15,2.2740768101616315e-11,4.245229934264938e-09,1.118578085611912e-06,images/linear/image_20240915114550892974.png,linear
-1.9851597208203618e-16,1.691337732969138e-13,-3.3528386833937895e-11,8.938383892669092e-09,1.3495777465808784e-06,images/linear/image_20240915114613174313.png,linear
6.917774290554768e-17,-8.315068991416751e-14,3.649070532701128e-11,4.582680893435568e-09,1.0139447317863548e-06,images/linear/image_20240915114635411046.png,linear
3.108560356457745e-17,-3.314385096428408e-14,1.3583247045644946e-11,8.172645944033815e-09,8.336247994680247e-07,images/linear/image_20240915114658663167.png,linear
-3.834241624011515e-16,3.516130319256597e-13,-9.540953601699171e-11,2.032474828216488e-08,7.81967143683729e-07,images/linear/image_20240915114719329827.png,linear
-2.3227578634453213e-16,2.0492608840425924e-13,-5.470161519218841e-11,1.706818041367164e-08,6.628147527262463e-07,images/linear/image_20240915114739881360.png,linear
3.7178398287721684e-16,-3.2612713300892546e-13,9.112866173256057e-11,2.631187051323023e-09,1.0012869863773621e-06,images/linear/image_20240915114800040112.png,linear
-2.9288094104826107e-16,2.7061410621248515e-13,-7.521781924632817e-11,1.6438652724198404e-08,1.009567970557841e-06,images/linear/image_20240915114820711084.png,linear
-7.953691244226678e-16,7.761994183035504e-13,-2.299664086459648e-10,3.321065155335873e-08,4.309843137702912e-07,images/linear/image_20240915114840975942.png,linear
1.0674016674112414e-15,-8.655018114263978e-13,2.1839844906099037e-10,-7.86558057428924e-09,1.2542179743408174e-06,images/linear/image_20240915114902219598.png,linear
-1.9973197366722888e-16,2.4272951837830635e-13,-9.359298156918019e-11,2.1765436517261746e-08,8.093716418376079e-07,images/linear/image_20240915114923522415.png,linear
-4.169639528643728e-16,4.4595168866615417e-13,-1.564834187473366e-10,2.9665836446968225e-08,5.686236769797087e-07,images/linear/image_20240915114944130776.png,linear
-3.8672571671753307e-16,3.993059412498623e-13,-1.3570777381071787e-10,2.724020177299209e-08,5.269866568780701e-07,images/linear/image_20240915115004417159.png,linear
-4.053674435610271e-16,4.988961213710581e-13,-1.89760583846244e-10,3.4319315560932835e-08,4.760428215152858e-07,images/linear/image_20240915115025081017.png,linear
-4.0261260850621967e-16,4.330218384164954e-13,-1.5111033378701204e-10,2.8811500015456862e-08,4.0177842151452707e-07,images/linear/image_20240915115045536749.png,linear
-3.2634253086830187e-15,3.6114796780722575e-12,-1.2863066073427167e-09,1.5770153170536958e-07,1.3872653626966606e-06,images/linear/image_20240915115107243827.png,linear
1.532341760642764e-13,-1.7295071144603275e-10,8.604827579386285e-08,-9.204233405359675e-06,0.0002791443986246709,images/polynomial/image_20240915115109963388.png,polynomial
4.944116506545025e-16,1.2464502164295315e-11,8.966573101752976e-09,3.3197731765053416e-06,-0.00014344921027154635,images/polynomial/image_20240915115112626977.png,polynomial
5.984721155156279e-16,6.09528828949542e-12,1.8064937108096177e-08,-1.9947543095358157e-07,1.213153544587868e-05,images/polynomial/image_20240915115115207175.png,polynomial
-1.4301853574858524e-14,2.3048648082655844e-11,1.3450720885885582e-08,8.008609094560175e-08,8.195370139577339e-06,images/polynomial/image_20240915115117839994.png,polynomial
9.262403939451759e-14,-1.1401401660627291e-10,6.735512747916395e-08,-6.57459448761435e-06,0.00018973207904964004,images/polynomial/image_20240915115120502779.png,polynomial
-3.926951809467084e-14,4.4443749752041836e-11,8.880166342136685e-09,8.571184747741819e-08,2.5550825547043586e-05,images/polynomial/image_20240915115123073848.png,polynomial
2.251423132898727e-13,-3.118007657320592e-10,1.606307815024378e-07,-2.0236200035660644e-05,0.0005987899260540789,images/polynomial/image_20240915115125921655.png,polynomial
2.4442900621214173e-13,-3.2314249875456813e-10,1.4640651739097857e-07,-1.1751940669679201e-05,0.00026888829911011103,images/polynomial/image_20240915115129089699.png,polynomial
3.58039832451493e-13,-4.868296840633045e-10,2.2619872570605385e-07,-2.669333332708774e-05,0.0007319898993301388,images/polynomial/image_20240915115131932175.png,polynomial
-4.5823075225352875e-14,5.467538033892619e-11,3.900526522507448e-09,9.814707426241648e-07,-8.457636006053326e-06,images/polynomial/image_20240915115134519012.png,polynomial
-1.1697797983277293e-13,1.5737972369616656e-10,-4.154261872617188e-08,7.663114948477998e-06,-0.00018384604064342912,images/polynomial/image_20240915115137202635.png,polynomial
2.602770710775592e-14,-2.4572690273952277e-11,3.022185447810596e-08,-2.051958020640215e-06,7.272421522784775e-05,images/polynomial/image_20240915115139779463.png,polynomial
1.9235836556349057e-14,-2.3358156452808354e-11,3.510464634948001e-08,-3.4645925028134108e-06,0.00013898883792167483,images/polynomial/image_20240915115142458020.png,polynomial
1.1739033186793465e-14,-2.5090692886193393e-11,3.862617064218708e-08,-3.7805639936926887e-06,0.00014129051647007135,images/polynomial/image_20240915115145110551.png,polynomial
-8.687772149182586e-14,1.195998429776748e-10,-2.7203974484562603e-08,5.712820608078703e-06,-0.00015178374567175615,images/polynomial/image_20240915115147726169.png,polynomial
-7.202177616441503e-14,9.434954160894478e-11,-1.4612853319632642e-08,3.773920969697593e-06,-8.733665535802733e-05,images/polynomial/image_20240915115150358916.png,polynomial
-9.727998705150671e-14,1.2159215607619256e-10,-2.23852559695059e-08,4.229266173794173e-06,-8.15689238902736e-05,images/polynomial/image_20240915115152976672.png,polynomial
-4.740064663678033e-14,8.002046932132929e-11,-1.3997634322684125e-08,4.1656013209960185e-06,-0.00010459572999604493,images/polynomial/image_20240915115155707866.png,polynomial
7.103580843843242e-15,-8.646393722420399e-12,2.8639562684818276e-08,-2.1686133777917852e-06,7.829089993145425e-05,images/polynomial/image_20240915115158400480.png,polynomial
-3.2833120404001466e-14,3.712623583230371e-11,9.88723925626791e-09,2.2148418032846097e-07,2.5722942588394783e-05,images/polynomial/image_20240915115200907402.png,polynomial
-2.490083233363739e-14,6.073214371135508e-11,1.0207662285547495e-08,1.8336681297836844e-06,-1.8600284106494557e-05,images/polynomial/image_20240915115205478531.png,polynomial
-7.911212686570485e-14,1.5704099513457564e-10,-3.848111291673464e-08,9.754205023806123e-06,-0.0002884104514952924,images/polynomial/image_20240915115210186758.png,polynomial
-2.216824943558701e-14,5.846632343172332e-11,9.817254402630452e-09,2.184379600461112e-06,-4.225677563164286e-05,images/polynomial/image_20240915115214732784.png,polynomial
-1.4119624307032567e-13,2.214805693159262e-10,-6.11350314521149e-08,1.276501008840101e-05,-0.0002945294369544674,images/polynomial/image_20240915115219401132.png,polynomial
-6.34229702299319e-14,1.067044670744252e-10,-6.275366927286811e-09,3.807014925435761e-06,-6.528964654581356e-05,images/polynomial/image_20240915115223997527.png,polynomial
2.7767738450682396e-14,2.33622489825168e-13,3.244064226267591e-08,-8.65178651532247e-07,4.900542908403407e-05,images/polynomial/image_20240915115228628330.png,polynomial
-7.774056327657953e-14,1.3029662597407457e-10,-1.8262332852056473e-08,5.855090520616397e-06,-0.00013498295418403752,images/polynomial/image_20240915115233245805.png,polynomial
-4.74532636148085e-13,6.321163724472494e-10,-2.1064103819641034e-07,3.0103419013272436e-05,-0.0008008981365038525,images/polynomial/image_20240915115238123193.png,polynomial
2.6334911578054334e-14,1.907848636561797e-11,1.8532292406891716e-08,1.756627563830012e-06,-4.542717041274648e-05,images/polynomial/image_20240915115242825771.png,polynomial
-5.329012421618485e-14,8.974510351407173e-11,2.1301958862415283e-09,2.5543607770743813e-06,-3.188370297258573e-05,images/polynomial/image_20240915115247411463.png,polynomial
-5.934952678514285e-14,1.0394998667037302e-10,-6.621299952955266e-09,4.075806420028248e-06,-8.76991216715078e-05,images/polynomial/image_20240915115251998994.png,polynomial
-1.5228206571264435e-13,2.156742574907397e-10,-4.5705582762532045e-08,8.73726936684391e-06,-0.00021505284891781034,images/polynomial/image_20240915115256741481.png,polynomial
9.153892818935808e-14,-2.8590393289152068e-11,1.3340814407644026e-08,6.967469912290579e-06,-0.00028787967755390686,images/polynomial/image_20240915115301291553.png,polynomial
-2.67202162074984e-14,5.5757149060224324e-11,1.5072948416598466e-08,1.5023097548083653e-06,-1.2210033821311757e-05,images/polynomial/image_20240915115305979278.png,polynomial
-5.477193240904894e-14,1.0881943661470302e-10,-1.1118848215860571e-08,4.8708791960097415e-06,-0.00011245949779871134,images/polynomial/image_20240915115310661513.png,polynomial
-5.978821142092913e-14,1.0667053315199613e-10,-8.654777830086805e-09,4.490752278547941e-06,-0.00010237193051490551,images/polynomial/image_20240915115315251205.png,polynomial
-6.151516885807908e-14,1.0448096845256403e-10,-6.448527536741174e-09,4.202555443662465e-06,-9.755106934795464e-05,images/polynomial/image_20240915115319831082.png,polynomial
-5.874228714854471e-14,1.1012267858924937e-10,-1.2317305379555712e-08,5.17010046092743e-06,-0.00012549425859825054,images/polynomial/image_20240915115324389016.png,polynomial
-6.002839233386764e-14,9.869528624470007e-11,-1.7275678471141647e-09,3.0460482083386185e-06,-4.9371281255496986e-05,images/polynomial/image_20240915115328967637.png,polynomial
-6.315138932147566e-14,1.0501962521413427e-10,-5.525457588179881e-09,3.7479729947537264e-06,-7.213691946876938e-05,images/polynomial/image_20240915115333538453.png,polynomial
-7.931330335147918e-15,2.7813759736901695e-11,2.4768927615337135e-08,9.712361965405996e-07,-8.394395474358906e-06,images/polynomial/image_20240915115338157501.png,polynomial
-2.586026110016767e-14,4.576881132354025e-11,1.9486207431630814e-08,1.4100130321425397e-06,-1.3836476851669756e-05,images/polynomial/image_20240915115342753864.png,polynomial
-7.890914217125226e-15,2.5860321891626935e-11,2.567536145236243e-08,8.969946527807361e-07,-7.863788555853404e-06,images/polynomial/image_20240915115347343999.png,polynomial
-2.091581952560581e-14,3.379121278069615e-11,2.6797620770442796e-08,2.1302065939678194e-07,2.5345477642773205e-05,images/polynomial/image_20240915115351954608.png,polynomial
-1.3681022561614056e-13,1.8872515742273532e-10,-3.662093616663328e-08,8.695969228466483e-06,-0.00021427046915596123,images/polynomial/image_20240915115356634167.png,polynomial
-7.037790275954423e-14,1.184268679752717e-10,-1.4913933062315128e-08,6.685969934068916e-06,-0.00018744361282205314,images/polynomial/image_20240915115401330291.png,polynomial
4.360120736890583e-13,-5.157254882981789e-10,2.347378891994263e-07,-2.6351311840553843e-05,0.0007739518601040587,images/polynomial/image_20240915115406101845.png,polynomial
-1.2195862590475283e-13,1.628874427730574e-10,-2.2297713048767657e-08,6.499400264453376e-06,-0.00013120672982095227,images/polynomial/image_20240915115410895923.png,polynomial
-2.1632653612033963e-14,4.602107499642329e-11,1.5180844129135174e-08,3.0588429058435312e-06,-9.135901443843935e-05,images/polynomial/image_20240915115415504828.png,polynomial
-4.627263303292926e-14,7.475731156955102e-11,6.1843115271248746e-09,3.449544840059488e-06,-8.002492104771296e-05,images/polynomial/image_20240915115420085080.png,polynomial
2.3201042225526693e-13,-3.920425602191346e-10,2.4496176036155747e-07,-3.270975754882648e-05,0.0010208712862939489,images/polynomial/image_20240915115425211359.png,polynomial
-6.087810813902369e-14,8.877662357752557e-11,3.439027871066698e-09,3.4175156691814924e-06,-7.003549486743296e-05,images/polynomial/image_20240915115429826418.png,polynomial
9.699464974111774e-16,1.7678049497769675e-11,2.8164220134016286e-08,6.66575557366547e-07,-6.642892934047608e-06,images/polynomial/image_20240915115434449258.png,polynomial
-7.712262308203023e-14,1.1750012720748415e-10,-1.2639409081650669e-08,6.429642392512513e-06,-0.00017198308896797208,images/polynomial/image_20240915115439088716.png,polynomial
-3.1270612489181785e-14,5.399995084044362e-11,1.478755225505647e-08,2.2995123573226696e-06,-4.9263491456055965e-05,images/polynomial/image_20240915115443650725.png,polynomial
-3.296334929161191e-13,4.69690963314106e-10,-1.6146629734911857e-07,2.7032628159060315e-05,-0.0007997858064934784,images/polynomial/image_20240915115448516058.png,polynomial
-2.5200280836424992e-14,4.551398030905786e-11,1.9004532552766578e-08,1.6352798219506247e-06,-2.4560141513026068e-05,images/polynomial/image_20240915115453109770.png,polynomial
1.2797062856982194e-14,2.123109307647083e-12,3.43143500874419e-08,-1.2978565472099798e-07,1.6134501187327762e-05,images/polynomial/image_20240915115457721862.png,polynomial
-2.963436509408422e-14,5.413501527990038e-11,1.3454164302030368e-08,2.784824315813935e-06,-5.8740855301110864e-05,images/polynomial/image_20240915115502318934.png,polynomial
1.6721921550375993e-14,-1.6309286610527717e-11,5.3969034333731665e-08,-4.631329728045003e-06,0.00020194908521419807,images/polynomial/image_20240915115507231844.png,polynomial
-2.961881529010585e-14,5.222882950720785e-11,1.5899375392251352e-08,2.1020246227559063e-06,-4.3590785906749964e-05,images/polynomial/image_20240915115511826432.png,polynomial
1.0482236663378374e-13,-1.3234879775708436e-10,9.299318476085788e-08,-7.406762571641116e-06,0.00018772080169586066,images/polynomial/image_20240915115516512152.png,polynomial
-2.2482429711342159e-13,3.2208622571635455e-10,-9.827979016897936e-08,1.8158895395958056e-05,-0.0005310287939562124,images/polynomial/image_20240915115521527048.png,polynomial
-6.269105235713057e-14,1.0260563219685279e-10,-7.292579767443084e-09,5.520839485920382e-06,-0.0001467090046124729,images/polynomial/image_20240915115526146507.png,polynomial
-2.5693698184995095e-13,3.5050818497164067e-10,-1.0430684196455751e-07,1.813386402167352e-05,-0.000504403283295758,images/polynomial/image_20240915115530864665.png,polynomial
-3.5634574378920215e-14,6.030588450663411e-11,1.2364214541449631e-08,2.5708828926903433e-06,-5.392044677963259e-05,images/polynomial/image_20240915115535447968.png,polynomial
-3.1871747432861177e-14,6.043903451005538e-11,9.396148099754757e-09,3.5205215599485197e-06,-8.018450504802573e-05,images/polynomial/image_20240915115540039400.png,polynomial
-7.524260923601261e-14,1.1375821288825582e-10,-9.548117519453018e-09,5.562833267427e-06,-0.00013987706341503104,images/polynomial/image_20240915115544661573.png,polynomial
-1.7712078615673606e-13,2.4747394719711524e-10,-6.33727465293522e-08,1.2826841812932557e-05,-0.00035718416942136374,images/polynomial/image_20240915115549363114.png,polynomial
-4.624537307985487e-14,7.819538088233925e-11,3.1152019416261115e-09,4.142777896722602e-06,-9.99395998260074e-05,images/polynomial/image_20240915115553956979.png,polynomial
-4.53538706361455e-14,7.399498085933497e-11,6.345278214977896e-09,3.4862508308823133e-06,-8.420845880402573e-05,images/polynomial/image_20240915115558558070.png,polynomial
-1.1818934314853577e-13,1.6696259917784765e-10,-2.8793969205108115e-08,7.730713628747762e-06,-0.00019298639910818105,images/polynomial/image_20240915115603227562.png,polynomial
-4.138204646758084e-14,6.862309710196626e-11,8.610707553169953e-09,3.0711158234194224e-06,-4.170727673289673e-05,images/polynomial/image_20240915115607849329.png,polynomial
5.5766255584703656e-14,-4.4950829589985516e-11,5.156604046392261e-08,-2.418699441602983e-06,9.033908824200286e-05,images/polynomial/image_20240915115612559491.png,polynomial
1.5727049751303323e-13,-1.9562599972045477e-10,1.1283647642466943e-07,-7.648805852232018e-06,0.00013092336265990693,images/polynomial/image_20240915115617398123.png,polynomial
1.9407552310131692e-14,-3.605773014514062e-12,3.550719868564951e-08,-2.0482547678222936e-07,2.1242434586104334e-05,images/polynomial/image_20240915115622009755.png,polynomial
-3.9479127129849016e-14,6.691648532352516e-11,8.70201324516029e-09,3.325509540160964e-06,-8.586572037003468e-05,images/polynomial/image_20240915115626609588.png,polynomial
8.957921293966901e-15,5.667295860709175e-12,3.377014382189646e-08,-2.7131285114581204e-07,2.796858991733796e-05,images/polynomial/image_20240915115631220907.png,polynomial
-2.6219854830374394e-14,5.102598713352577e-11,1.4813632840105496e-08,2.4526899096685453e-06,-5.211453959443872e-05,images/polynomial/image_20240915115635816988.png,polynomial
1.1543916286041346e-12,-1.2937657524139877e-09,5.10619765537493e-07,-6.0343979638199684e-05,0.0017059376271864825,images/polynomial/image_20240915115641921266.png,polynomial
9.422144270318172e-14,-2.258153443760125e-11,-7.56816449410957e-09,2.035543779730834e-05,-0.0007813044727509879,images/polynomial/image_20240915115647599706.png,polynomial
-5.400535421631271e-14,9.485840451160329e-11,6.804618840287342e-09,1.2891698796422722e-06,4.0522669739193286e-05,images/polynomial/image_20240915115652759944.png,polynomial
1.2256454720761923e-14,5.255313029391283e-11,5.578690295606843e-09,4.058236023880061e-06,-9.969081008798185e-05,images/polynomial/image_20240915115658062277.png,polynomial
-1.2008009788625272e-13,1.6658637647549076e-10,-1.7047245598231262e-08,5.472548077840177e-06,-9.39971778246167e-05,images/polynomial/image_20240915115703550651.png,polynomial
-2.3183170072997776e-13,3.4976333451225415e-10,-1.0617276133122624e-07,1.8539735417973138e-05,-0.0005234905387384275,images/polynomial/image_20240915115708953188.png,polynomial
-2.7663162504597826e-14,6.456967132375093e-11,1.0503168890077748e-08,1.7118153218973163e-06,-1.3471193983467078e-05,images/polynomial/image_20240915115713662560.png,polynomial
-1.3967277010784486e-14,5.6386535724988376e-11,1.1059116484091905e-08,1.8221786363300357e-06,-1.804450584067831e-05,images/polynomial/image_20240915115718433717.png,polynomial
7.907118091017659e-14,-7.90985013413817e-11,7.131395818693279e-08,-6.339084137911033e-06,0.00020574334774587437,images/polynomial/image_20240915115723243962.png,polynomial
-2.33991263602087e-13,2.801849472407072e-10,-4.5524347591941616e-08,5.672717230167913e-06,-5.252309353358326e-05,images/polynomial/image_20240915115728505054.png,polynomial
1.0829707046056917e-12,-1.2841800784228825e-09,5.443433671497982e-07,-7.03811677289951e-05,0.0021342063584406457,images/polynomial/image_20240915115734546181.png,polynomial
-9.959509213624503e-15,1.0239062586778956e-10,-5.40163619979495e-08,2.932725194051767e-05,-0.0010044225986487296,images/polynomial/image_20240915115741045006.png,polynomial
-1.4511823177771577e-13,2.1926300735825025e-10,-4.7215321453641593e-08,9.669284540249662e-06,-0.0002410163096350989,images/polynomial/image_20240915115746292291.png,polynomial
-5.443300539347403e-14,9.776960189499316e-11,2.928541133495874e-09,2.9983168230897862e-06,-5.821028539678116e-05,images/polynomial/image_20240915115751525617.png,polynomial
-7.116589960879247e-14,1.0716034346219729e-10,4.694219832119029e-09,2.081217209238272e-06,-2.0951041001493934e-05,images/polynomial/image_20240915115756757242.png,polynomial
-1.2507084252313474e-13,1.94609014504077e-10,-3.8962752464193117e-08,8.919238603665568e-06,-0.00022181964501581037,images/polynomial/image_20240915115801975159.png,polynomial
-1.7778300144877064e-14,4.6665213873529476e-11,2.4014627572201286e-08,-2.2847361287872707e-07,4.496346970243089e-05,images/polynomial/image_20240915115807068390.png,polynomial
5.672857068178211e-14,-3.0447577249554425e-11,5.174144373732846e-08,-3.7511257335466823e-06,0.00014974491210399657,images/polynomial/image_20240915115812414158.png,polynomial
7.944531835925633e-14,-4.887020698743142e-11,4.88318192586873e-08,-5.929521929431937e-07,-3.0558652668575395e-05,images/polynomial/image_20240915115817729869.png,polynomial
-9.808748546915133e-14,1.7179801007861043e-10,-3.523562364948606e-08,8.876142904703187e-06,-0.00019934659239204038,images/polynomial/image_20240915115822916967.png,polynomial
-1.640556634729561e-14,3.9303937443240783e-11,3.173579327553419e-08,-1.7354547032201609e-06,9.941300325298438e-05,images/polynomial/image_20240915115828162719.png,polynomial
-5.0063020904832536e-14,5.997598291915215e-11,1.0982130158261784e-08,1.2356064315566252e-06,-3.336470638969078e-07,images/polynomial/image_20240915115831810725.png,polynomial
-1.1705018834935013e-14,1.4215470042478844e-11,2.666803015696409e-08,-5.560678983998822e-07,3.5524268249068304e-05,images/polynomial/image_20240915115835366318.png,polynomial
-2.4204704804345496e-14,3.193713463632483e-11,1.8651707614177144e-08,5.74047541433267e-07,2.029896163803021e-06,images/polynomial/image_20240915115838901562.png,polynomial
-1.0832854810393083e-13,1.4321065404348694e-10,-2.5252842371546013e-08,6.285006559444553e-06,-0.00015872285552330135,images/polynomial/image_20240915115842552891.png,polynomial
6.987904117392071e-15,-1.0797120838607546e-11,3.7821754974124835e-08,-2.0948027012074996e-06,7.738149347535691e-05,images/polynomial/image_20240915115846164556.png,polynomial
1.152194734971409e-13,-1.331089182591167e-10,8.100909964991232e-08,-7.401194513196472e-06,0.00022481474948582723,images/polynomial/image_20240915115849806750.png,polynomial
-4.967359336481059e-16,5.660185268876727e-12,2.679875405784326e-08,1.591193363728334e-08,7.482326153727922e-06,images/polynomial/image_20240915115853360806.png,polynomial
-9.221164359578641e-14,9.829586678453166e-11,3.6567567036612034e-09,9.012023278041883e-07,4.5191366477188116e-05,images/polynomial/image_20240915115856991287.png,polynomial
-3.195307485490914e-14,4.4251875087857204e-11,1.3112725103812998e-08,1.326154153239279e-06,-2.0375504617710943e-05,images/polynomial/image_20240915115900539569.png,polynomial
3.3773810240560766e-14,-3.782881766482169e-11,4.451083755160663e-08,-2.556373191686763e-06,8.517687589878682e-05,images/polynomial/image_20240915115904079036.png,polynomial
-8.101908861244348e-15,1.228371050106557e-11,2.6530576019862494e-08,-5.097294565729056e-07,3.350443686780059e-05,images/polynomial/image_20240915115907633156.png,polynomial
-6.358985430475034e-15,1.6841358878163945e-13,3.575404913949505e-08,-2.163730386747366e-06,8.969327041909492e-05,images/polynomial/image_20240915115911204310.png,polynomial
-1.6093851894978504e-14,2.1898238559556763e-11,2.2487996878577475e-08,5.9156520033265456e-08,1.666274240793536e-05,images/polynomial/image_20240915115914727979.png,polynomial
-4.582790356635115e-14,6.495493469235654e-11,4.096735781594078e-09,2.7190904569431695e-06,-6.749242675597421e-05,images/polynomial/image_20240915115918334977.png,polynomial
1.8915173958720686e-14,-3.274116327938864e-11,4.9323473567775985e-08,-3.918877797407594e-06,0.0001375992535737075,images/polynomial/image_20240915115921962286.png,polynomial
-2.7268601806703452e-14,2.825245188571033e-11,2.4115749120981426e-08,-5.494977128920755e-07,4.382831325081157e-05,images/polynomial/image_20240915115925557350.png,polynomial
-1.859454050435481e-14,2.249413261069574e-11,2.4007750530332343e-08,-3.716730513358162e-07,3.378752612783016e-05,images/polynomial/image_20240915115929121091.png,polynomial
-2.5212603372591115e-14,3.4763553613459496e-11,1.7624945896005844e-08,6.204891631779002e-07,4.263823533631317e-06,images/polynomial/image_20240915115932687030.png,polynomial
-3.489874689946259e-14,4.617027247887292e-11,1.2589195150215078e-08,1.4274109162839209e-06,-2.4653830241375506e-05,images/polynomial/image_20240915115936211939.png,polynomial
3.737108781503248e-14,-3.451236762070809e-11,4.215717464248464e-08,-2.2187124132030703e-06,7.242787441159252e-05,images/polynomial/image_20240915115939881620.png,polynomial
2.4569252512433203e-13,-1.842548554773041e-10,1.5379286793139833e-07,-7.4558285957544805e-06,0.00017021768151042162,images/polynomial/image_20240915120005787578.png,polynomial
-8.537992228906134e-13,9.205659854212347e-10,-1.8449183156875825e-07,2.4713917497269747e-05,-0.00044326123442389823,images/polynomial/image_20240915120032302555.png,polynomial
-1.3063790365464825e-12,1.3756126775326738e-09,-3.225523544227218e-07,3.960139983529975e-05,-0.0008050957208754772,images/polynomial/image_20240915120058610610.png,polynomial
-2.2149162956691344e-13,3.2739961606125615e-10,-1.2791714855413843e-08,8.512355763555494e-06,-0.00013670410626566936,images/polynomial/image_20240915120125215652.png,polynomial
2.776120452821294e-13,-4.881359633592776e-11,7.97111543669104e-08,8.664389280630556e-07,-5.101668323747619e-06,images/polynomial/image_20240915120151534938.png,polynomial
-7.110916201952687e-13,8.04989911050279e-10,-1.5906375164859925e-07,2.395664267524221e-05,-0.0004913106818902,images/polynomial/image_20240915120218006370.png,polynomial
-4.297816998660634e-12,4.2053299897655106e-09,-1.1429943981336124e-06,0.00011787313602915219,-0.0024585908673966502,images/polynomial/image_20240915120246681855.png,polynomial
-1.3122268645219557e-13,2.4594077863336946e-10,6.6620450960011e-09,6.5399945344653e-06,-0.00011192488853326729,images/polynomial/image_20240915120311764262.png,polynomial
3.4142095111393343e-12,-3.2255047207244915e-09,1.0356661522790198e-06,-7.715462137192353e-05,0.0015026516802957852,images/polynomial/image_20240915120338781245.png,polynomial
-7.1707949550147215e-12,6.578069143276473e-09,-1.6848867597539746e-06,0.00015424073707192922,-0.002835211944556402,images/polynomial/image_20240915120408444490.png,polynomial
-8.323721613800331e-13,1.0069048567989122e-09,-2.404629134756303e-07,3.337639296364978e-05,-0.0006818422663794768,images/polynomial/image_20240915120437701236.png,polynomial
-3.8106619741490447e-13,4.227315554718863e-10,-1.4542314989552285e-08,6.557704375246824e-06,-6.572638760822254e-05,images/polynomial/image_20240915120503121958.png,polynomial
7.169466192182235e-14,9.313105103915092e-11,3.29266172313485e-08,5.299989525321923e-06,-8.862497563512058e-05,images/polynomial/image_20240915120528136251.png,polynomial
-7.668424693547383e-13,8.329936365501883e-10,-1.6944630505209445e-07,2.5640635715416013e-05,-0.0004935672035104668,images/polynomial/image_20240915120553453262.png,polynomial
2.1878802783902332e-13,-9.385223068056393e-11,1.0166336488626943e-07,-2.5095306110934134e-06,7.89292512581181e-05,images/polynomial/image_20240915120618201963.png,polynomial
3.681061561020923e-13,-2.1042095975522143e-10,1.3221071440641577e-07,-5.031142800402371e-06,0.00012973519157713061,images/polynomial/image_20240915120642804918.png,polynomial
-2.360041445765479e-13,3.2264663790858104e-10,-1.5099177860557094e-08,9.024252657713197e-06,-0.00013668137829628274,images/polynomial/image_20240915120708204893.png,polynomial
-1.1311429725997302e-13,2.0597716828369993e-10,2.056025700038913e-08,4.622083499843724e-06,-4.500416693187801e-05,images/polynomial/image_20240915120733262636.png,polynomial
-9.110560302144445e-13,1.0044310358774481e-09,-2.380852302326015e-07,3.4972014549490366e-05,-0.0007774116763765801,images/polynomial/image_20240915120757971708.png,polynomial
2.904276197759389e-14,1.1731061534304597e-10,2.8988163220615135e-08,5.312431356546969e-06,-9.291144390043134e-05,images/polynomial/image_20240915120822947981.png,polynomial
